epoch,date,transaction
1251881609,09/02/09,0
1251968009,09/03/09,0
1252054409,09/04/09,0
1252140809,09/05/09,0
1252227209,09/06/09,0
1252313609,09/07/09,0
1252400009,09/08/09,0
1252486409,09/09/09,0
1252572809,09/10/09,0
1252659209,09/11/09,0
1252745609,09/12/09,0
1252832009,09/13/09,0
1252918409,09/14/09,0
1253004809,09/15/09,0
1253091209,09/16/09,0
1253177609,09/17/09,0
1253264009,09/18/09,0
1253350409,09/19/09,0
1253436809,09/20/09,0
1253523209,09/21/09,0
1253609609,09/22/09,0
1253696009,09/23/09,0
1253782409,09/24/09,0
1253868809,09/25/09,0
1253955209,09/26/09,0
1254041609,09/27/09,0
1254128009,09/28/09,0
1254214409,09/29/09,0
1254300809,09/30/09,0
1254387209,10/01/09,0
1254473609,10/02/09,0
1254560009,10/03/09,0
1254646409,10/04/09,0
1254732809,10/05/09,0
1254819209,10/06/09,0
1254905609,10/07/09,0
1254992009,10/08/09,0
1255078409,10/09/09,0
1255164809,10/10/09,0
1255251209,10/11/09,0
1255337609,10/12/09,0
1255424009,10/13/09,0
1255510409,10/14/09,0
1255596809,10/15/09,0
1255683209,10/16/09,0
1255769609,10/17/09,0
1255856009,10/18/09,0
1255942409,10/19/09,0
1256028809,10/20/09,0
1256115209,10/21/09,0
1256201609,10/22/09,0
1256288009,10/23/09,0
1256374409,10/24/09,0
1256460809,10/25/09,0
1256547209,10/26/09,0
1256633609,10/27/09,0
1256720009,10/28/09,0
1256806409,10/29/09,0
1256892809,10/30/09,0
1256979209,10/31/09,0
1257065609,11/01/09,0
1257152009,11/02/09,0
1257238409,11/03/09,0
1257324809,11/04/09,0
1257411209,11/05/09,0
1257497609,11/06/09,0
1257584009,11/07/09,0
1257670409,11/08/09,0
1257756809,11/09/09,0
1257843209,11/10/09,0
1257929609,11/11/09,0
1258016009,11/12/09,0
1258102409,11/13/09,0
1258188809,11/14/09,0
1258275209,11/15/09,0
1258361609,11/16/09,0
1258448009,11/17/09,0
1258534409,11/18/09,0
1258620809,11/19/09,0
1258707209,11/20/09,0
1258793609,11/21/09,0
1258880009,11/22/09,0
1258966409,11/23/09,0
1259052809,11/24/09,0
1259139209,11/25/09,0
1259225609,11/26/09,0
1259312009,11/27/09,0
1259398409,11/28/09,0
1259484809,11/29/09,0
1259571209,11/30/09,0
1259657609,12/01/09,0
1259744009,12/02/09,0
1259830409,12/03/09,0
1259916809,12/04/09,0
1260003209,12/05/09,0
1260089609,12/06/09,0
1260176009,12/07/09,0
1260262409,12/08/09,0
1260348809,12/09/09,0
1260435209,12/10/09,0
1260521609,12/11/09,0
1260608009,12/12/09,0
1260694409,12/13/09,0
1260780809,12/14/09,0
1260867209,12/15/09,0
1260953609,12/16/09,0
1261040009,12/17/09,0
1261126409,12/18/09,0
1261212809,12/19/09,0
1261299209,12/20/09,0
1261385609,12/21/09,0
1261472009,12/22/09,0
1261558409,12/23/09,0
1261644809,12/24/09,0
1261731209,12/25/09,0
1261817609,12/26/09,0
1261904009,12/27/09,0
1261990409,12/28/09,0
1262076809,12/29/09,0
1262163209,12/30/09,0
1262249609,12/31/09,0
1262336009,01/01/10,0
1262422409,01/02/10,0
1262508809,01/03/10,0
1262595209,01/04/10,0
1262681609,01/05/10,0
1262768009,01/06/10,0
1262854409,01/07/10,0
1262940809,01/08/10,0
1263027209,01/09/10,0
1263113609,01/10/10,0
1263200009,01/11/10,0
1263286409,01/12/10,0
1263372809,01/13/10,0
1263459209,01/14/10,0
1263545609,01/15/10,0
1263632009,01/16/10,0
1263718409,01/17/10,0
1263804809,01/18/10,0
1263891209,01/19/10,0
1263977609,01/20/10,0
1264064009,01/21/10,0
1264150409,01/22/10,0
1264236809,01/23/10,0
1264323209,01/24/10,0
1264409609,01/25/10,0
1264496009,01/26/10,0
1264582409,01/27/10,0
1264668809,01/28/10,0
1264755209,01/29/10,0
1264841609,01/30/10,0
1264928009,01/31/10,0
1265014409,02/01/10,0
1265100809,02/02/10,0
1265187209,02/03/10,0
1265273609,02/04/10,0
1265360009,02/05/10,0
1265446409,02/06/10,0
1265532809,02/07/10,0
1265619209,02/08/10,0
1265705609,02/09/10,0
1265792009,02/10/10,0
1265878409,02/11/10,0
1265964809,02/12/10,0
1266051209,02/13/10,0
1266137609,02/14/10,0
1266224009,02/15/10,0
1266310409,02/16/10,0
1266396809,02/17/10,0
1266483209,02/18/10,0
1266569609,02/19/10,0
1266656009,02/20/10,0
1266742409,02/21/10,0
1266828809,02/22/10,0
1266915209,02/23/10,0
1267001609,02/24/10,0
1267088009,02/25/10,0
1267174409,02/26/10,0
1267260809,02/27/10,0
1267347209,02/28/10,0
1267433609,03/01/10,0
1267520009,03/02/10,0
1267606409,03/03/10,0
1267692809,03/04/10,0
1267779209,03/05/10,0
1267865609,03/06/10,0
1267952009,03/07/10,0
1268038409,03/08/10,0
1268124809,03/09/10,0
1268211209,03/10/10,0
1268297609,03/11/10,0
1268384009,03/12/10,0
1268470409,03/13/10,0
1268556809,03/14/10,0
1268643209,03/15/10,0
1268729609,03/16/10,0
1268816009,03/17/10,0
1268902409,03/18/10,0
1268988809,03/19/10,0
1269075209,03/20/10,0
1269161609,03/21/10,0
1269248009,03/22/10,0
1269334409,03/23/10,0
1269420809,03/24/10,0
1269507209,03/25/10,0
1269593609,03/26/10,0
1269680009,03/27/10,0
1269766409,03/28/10,0
1269852809,03/29/10,0
1269939209,03/30/10,0
1270025609,03/31/10,0
1270112009,04/01/10,0
1270198409,04/02/10,0
1270284809,04/03/10,0
1270371209,04/04/10,0
1270457609,04/05/10,0
1270544009,04/06/10,0
1270630409,04/07/10,0
1270716809,04/08/10,0
1270803209,04/09/10,0
1270889609,04/10/10,0
1270976009,04/11/10,0
1271062409,04/12/10,0
1271148809,04/13/10,0
1271235209,04/14/10,0
1271321609,04/15/10,0
1271408009,04/16/10,0
1271494409,04/17/10,0
1271580809,04/18/10,0
1271667209,04/19/10,0
1271753609,04/20/10,0
1271840009,04/21/10,0
1271926409,04/22/10,0
1272012809,04/23/10,0
1272099209,04/24/10,0
1272185609,04/25/10,0
1272272009,04/26/10,0
1272358409,04/27/10,0
1272444809,04/28/10,0
1272531209,04/29/10,0
1272617609,04/30/10,0
1272704009,05/01/10,0
1272790409,05/02/10,0
1272876809,05/03/10,0
1272963209,05/04/10,0
1273049609,05/05/10,0
1273136009,05/06/10,0
1273222409,05/07/10,0
1273308809,05/08/10,0
1273395209,05/09/10,0
1273481609,05/10/10,0
1273568009,05/11/10,0
1273654409,05/12/10,0
1273740809,05/13/10,0
1273827209,05/14/10,0
1273913609,05/15/10,0
1274000009,05/16/10,0
1274086409,05/17/10,0
1274172809,05/18/10,0
1274259209,05/19/10,0
1274345609,05/20/10,0
1274432009,05/21/10,0
1274518409,05/22/10,0
1274604809,05/23/10,0
1274691209,05/24/10,0
1274777609,05/25/10,0
1274864009,05/26/10,0
1274950409,05/27/10,0
1275036809,05/28/10,0
1275123209,05/29/10,0
1275209609,05/30/10,0
1275296009,05/31/10,0
1275382409,06/01/10,0
1275468809,06/02/10,0
1275555209,06/03/10,0
1275641609,06/04/10,0
1275728009,06/05/10,0
1275814409,06/06/10,0
1275900809,06/07/10,0
1275987209,06/08/10,0
1276073609,06/09/10,0
1276160009,06/10/10,0
1276246409,06/11/10,0
1276332809,06/12/10,0
1276419209,06/13/10,0
1276505609,06/14/10,0
1276592009,06/15/10,0
1276678409,06/16/10,0
1276764809,06/17/10,0
1276851209,06/18/10,0
1276937609,06/19/10,0
1277024009,06/20/10,0
1277110409,06/21/10,0
1277196809,06/22/10,0
1277283209,06/23/10,0
1277369609,06/24/10,0
1277456009,06/25/10,0
1277542409,06/26/10,0
1277628809,06/27/10,0
1277715209,06/28/10,0
1277801609,06/29/10,0
1277888009,06/30/10,0
1277974409,07/01/10,0
1278060809,07/02/10,0
1278147209,07/03/10,0
1278233609,07/04/10,0
1278320009,07/05/10,0
1278406409,07/06/10,0
1278492809,07/07/10,0
1278579209,07/08/10,0
1278665609,07/09/10,0
1278752009,07/10/10,0
1278838409,07/11/10,0
1278924809,07/12/10,0
1279011209,07/13/10,0
1279097609,07/14/10,0
1279184009,07/15/10,0
1279270409,07/16/10,0
1279356809,07/17/10,0
1279443209,07/18/10,0
1279529609,07/19/10,0
1279616009,07/20/10,0
1279702409,07/21/10,0
1279788809,07/22/10,0
1279875209,07/23/10,0
1279961609,07/24/10,0
1280048009,07/25/10,0
1280134409,07/26/10,0
1280220809,07/27/10,0
1280307209,07/28/10,0
1280393609,07/29/10,0
1280480009,07/30/10,0
1280566409,07/31/10,0
1280652809,08/01/10,0
1280739209,08/02/10,0
1280825609,08/03/10,0
1280912009,08/04/10,0
1280998409,08/05/10,0
1281084809,08/06/10,0
1281171209,08/07/10,0
1281257609,08/08/10,0
1281344009,08/09/10,0
1281430409,08/10/10,0
1281516809,08/11/10,0
1281603209,08/12/10,0
1281689609,08/13/10,0
1281776009,08/14/10,0
1281862409,08/15/10,0
1281948809,08/16/10,0
1282035209,08/17/10,0
1282121609,08/18/10,0
1282208009,08/19/10,0
1282294409,08/20/10,0
1282380809,08/21/10,0
1282467209,08/22/10,0
1282553609,08/23/10,0
1282640009,08/24/10,0
1282726409,08/25/10,0
1282812809,08/26/10,0
1282899209,08/27/10,0
1282985609,08/28/10,0
1283072009,08/29/10,0
1283158409,08/30/10,0
1283244809,08/31/10,0
1283331209,09/01/10,0
1283417609,09/02/10,0
1283504009,09/03/10,0
1283590409,09/04/10,0
1283676809,09/05/10,0
1283763209,09/06/10,0
1283849609,09/07/10,0
1283936009,09/08/10,0
1284022409,09/09/10,0
1284108809,09/10/10,0
1284195209,09/11/10,0
1284281609,09/12/10,0
1284368009,09/13/10,0
1284454409,09/14/10,0
1284540809,09/15/10,0
1284627209,09/16/10,0
1284713609,09/17/10,0
1284800009,09/18/10,0
1284886409,09/19/10,0
1284972809,09/20/10,0
1285059209,09/21/10,0
1285145609,09/22/10,0
1285232009,09/23/10,0
1285318409,09/24/10,0
1285404809,09/25/10,0
1285491209,09/26/10,0
1285577609,09/27/10,0
1285664009,09/28/10,0
1285750409,09/29/10,0
1285836809,09/30/10,0
1285923209,10/01/10,0
1286009609,10/02/10,0
1286096009,10/03/10,0
1286182409,10/04/10,0
1286268809,10/05/10,0
1286355209,10/06/10,0
1286441609,10/07/10,0
1286528009,10/08/10,0
1286614409,10/09/10,0
1286700809,10/10/10,0
1286787209,10/11/10,0
1286873609,10/12/10,0
1286960009,10/13/10,0
1287046409,10/14/10,0
1287132809,10/15/10,0
1287219209,10/16/10,0
1287305609,10/17/10,0
1287392009,10/18/10,0
1287478409,10/19/10,0
1287564809,10/20/10,0
1287651209,10/21/10,0
1287737609,10/22/10,0
1287824009,10/23/10,0
1287910409,10/24/10,0
1287996809,10/25/10,0
1288083209,10/26/10,0
1288169609,10/27/10,0
1288256009,10/28/10,0
1288342409,10/29/10,0
1288428809,10/30/10,0
1288515209,10/31/10,0
1288601609,11/01/10,0
1288688009,11/02/10,0
1288774409,11/03/10,0
1288860809,11/04/10,0
1288947209,11/05/10,0
1289033609,11/06/10,0
1289120009,11/07/10,0
1289206409,11/08/10,0
1289292809,11/09/10,0
1289379209,11/10/10,0
1289465609,11/11/10,0
1289552009,11/12/10,0
1289638409,11/13/10,0
1289724809,11/14/10,0
1289811209,11/15/10,0
1289897609,11/16/10,0
1289984009,11/17/10,0
1290070409,11/18/10,0
1290156809,11/19/10,0
1290243209,11/20/10,0
1290329609,11/21/10,0
1290416009,11/22/10,0
1290502409,11/23/10,0
1290588809,11/24/10,0
1290675209,11/25/10,0
1290761609,11/26/10,0
1290848009,11/27/10,0
1290934409,11/28/10,0
1291020809,11/29/10,0
1291107209,11/30/10,0
1291193609,12/01/10,0
1291280009,12/02/10,0
1291366409,12/03/10,0
1291452809,12/04/10,0
1291539209,12/05/10,0
1291625609,12/06/10,0
1291712009,12/07/10,0
1291798409,12/08/10,0
1291884809,12/09/10,0
1291971209,12/10/10,0
1292057609,12/11/10,0
1292144009,12/12/10,0
1292230409,12/13/10,0
1292316809,12/14/10,0
1292403209,12/15/10,0
1292489609,12/16/10,0
1292576009,12/17/10,0
1292662409,12/18/10,0
1292748809,12/19/10,0
1292835209,12/20/10,0
1292921609,12/21/10,0
1293008009,12/22/10,0
1293094409,12/23/10,0
1293180809,12/24/10,0
1293267209,12/25/10,0
1293353609,12/26/10,0
1293440009,12/27/10,0
1293526409,12/28/10,0
1293612809,12/29/10,0
1293699209,12/30/10,0
1293785609,12/31/10,0
1293872009,01/01/11,0
1293958409,01/02/11,0
1294044809,01/03/11,0
1294131209,01/04/11,0
1294217609,01/05/11,0
1294304009,01/06/11,0
1294390409,01/07/11,0
1294476809,01/08/11,0
1294563209,01/09/11,0
1294649609,01/10/11,0
1294736009,01/11/11,0
1294822409,01/12/11,0
1294908809,01/13/11,0
1294995209,01/14/11,0
1295081609,01/15/11,0
1295168009,01/16/11,0
1295254409,01/17/11,0
1295340809,01/18/11,0
1295427209,01/19/11,0
1295513609,01/20/11,0
1295600009,01/21/11,0
1295686409,01/22/11,0
1295772809,01/23/11,0
1295859209,01/24/11,0
1295945609,01/25/11,0
1296032009,01/26/11,0
1296118409,01/27/11,0
1296204809,01/28/11,0
1296291209,01/29/11,0
1296377609,01/30/11,0
1296464009,01/31/11,0
1296550409,02/01/11,0
1296636809,02/02/11,0
1296723209,02/03/11,0
1296809609,02/04/11,0
1296896009,02/05/11,0
1296982409,02/06/11,0
1297068809,02/07/11,0
1297155209,02/08/11,0
1297241609,02/09/11,0
1297328009,02/10/11,0
1297414409,02/11/11,0
1297500809,02/12/11,0
1297587209,02/13/11,0
1297673609,02/14/11,0
1297760009,02/15/11,0
1297846409,02/16/11,0
1297932809,02/17/11,0
1298019209,02/18/11,0
1298105609,02/19/11,0
1298192009,02/20/11,0
1298278409,02/21/11,0
1298364809,02/22/11,0
1298451209,02/23/11,0
1298537609,02/24/11,0
1298624009,02/25/11,0
1298710409,02/26/11,0
1298796809,02/27/11,0
1298883209,02/28/11,0
1298969609,03/01/11,0
1299056009,03/02/11,0
1299142409,03/03/11,0
1299228809,03/04/11,0
1299315209,03/05/11,0
1299401609,03/06/11,0
1299488009,03/07/11,0
1299574409,03/08/11,0
1299660809,03/09/11,0
1299747209,03/10/11,0
1299833609,03/11/11,0
1299920009,03/12/11,0
1300006409,03/13/11,0
1300092809,03/14/11,0
1300179209,03/15/11,0
1300265609,03/16/11,0
1300352009,03/17/11,0
1300438409,03/18/11,0
1300524809,03/19/11,0
1300611209,03/20/11,0
1300697609,03/21/11,0
1300784009,03/22/11,0
1300870409,03/23/11,0
1300956809,03/24/11,0
1301043209,03/25/11,0
1301129609,03/26/11,0
1301216009,03/27/11,0
1301302409,03/28/11,0
1301388809,03/29/11,0
1301475209,03/30/11,0
1301561609,03/31/11,0
1301648009,04/01/11,0
1301734409,04/02/11,0
1301820809,04/03/11,0
1301907209,04/04/11,0
1301993609,04/05/11,0
1302080009,04/06/11,0
1302166409,04/07/11,0
1302252809,04/08/11,0
1302339209,04/09/11,0
1302425609,04/10/11,0
1302512009,04/11/11,0
1302598409,04/12/11,0
1302684809,04/13/11,0
1302771209,04/14/11,0
1302857609,04/15/11,0
1302944009,04/16/11,0
1303030409,04/17/11,0
1303116809,04/18/11,0
1303203209,04/19/11,0
1303289609,04/20/11,0
1303376009,04/21/11,0
1303462409,04/22/11,0
1303548809,04/23/11,0
1303635209,04/24/11,0
1303721609,04/25/11,0
1303808009,04/26/11,0
1303894409,04/27/11,0
1303980809,04/28/11,0
1304067209,04/29/11,0
1304153609,04/30/11,0
1304240009,05/01/11,0
1304326409,05/02/11,0
1304412809,05/03/11,0
1304499209,05/04/11,0
1304585609,05/05/11,0
1304672009,05/06/11,0
1304758409,05/07/11,0
1304844809,05/08/11,0
1304931209,05/09/11,0
1305017609,05/10/11,0
1305104009,05/11/11,0
1305190409,05/12/11,0
1305276809,05/13/11,0
1305363209,05/14/11,0
1305449609,05/15/11,0
1305536009,05/16/11,0
1305622409,05/17/11,0
1305708809,05/18/11,0
1305795209,05/19/11,0
1305881609,05/20/11,0
1305968009,05/21/11,0
1306054409,05/22/11,0
1306140809,05/23/11,0
1306227209,05/24/11,0
1306313609,05/25/11,0
1306400009,05/26/11,0
1306486409,05/27/11,0
1306572809,05/28/11,0
1306659209,05/29/11,0
1306745609,05/30/11,0
1306832009,05/31/11,0
1306918409,06/01/11,0
1307004809,06/02/11,0
1307091209,06/03/11,0
1307177609,06/04/11,0
1307264009,06/05/11,0
1307350409,06/06/11,0
1307436809,06/07/11,0
1307523209,06/08/11,0
1307609609,06/09/11,0
1307696009,06/10/11,0
1307782409,06/11/11,0
1307868809,06/12/11,0
1307955209,06/13/11,0
1308041609,06/14/11,0
1308128009,06/15/11,0
1308214409,06/16/11,0
1308300809,06/17/11,0
1308387209,06/18/11,0
1308473609,06/19/11,0
1308560009,06/20/11,0
1308646409,06/21/11,0
1308732809,06/22/11,0
1308819209,06/23/11,0
1308905609,06/24/11,0
1308992009,06/25/11,0
1309078409,06/26/11,0
1309164809,06/27/11,0
1309251209,06/28/11,0
1309337609,06/29/11,0
1309424009,06/30/11,0
1309510409,07/01/11,0
1309596809,07/02/11,0
1309683209,07/03/11,0
1309769609,07/04/11,0
1309856009,07/05/11,0
1309942409,07/06/11,0
1310028809,07/07/11,0
1310115209,07/08/11,0
1310201609,07/09/11,0
1310288009,07/10/11,0
1310374409,07/11/11,0
1310460809,07/12/11,0
1310547209,07/13/11,0
1310633609,07/14/11,0
1310720009,07/15/11,0
1310806409,07/16/11,0
1310892809,07/17/11,0
1310979209,07/18/11,0
1311065609,07/19/11,0
1311152009,07/20/11,0
1311238409,07/21/11,0
1311324809,07/22/11,0
1311411209,07/23/11,0
1311497609,07/24/11,0
1311584009,07/25/11,0
1311670409,07/26/11,0
1311756809,07/27/11,0
1311843209,07/28/11,0
1311929609,07/29/11,0
1312016009,07/30/11,0
1312102409,07/31/11,0
1312188809,08/01/11,0
1312275209,08/02/11,0
1312361609,08/03/11,0
1312448009,08/04/11,0
1312534409,08/05/11,0
1312620809,08/06/11,0
1312707209,08/07/11,0
1312793609,08/08/11,0
1312880009,08/09/11,0
1312966409,08/10/11,0
1313052809,08/11/11,0
1313139209,08/12/11,0
1313225609,08/13/11,0
1313312009,08/14/11,0
1313398409,08/15/11,0
1313484809,08/16/11,0
1313571209,08/17/11,0
1313657609,08/18/11,0
1313744009,08/19/11,0
1313830409,08/20/11,0
1313916809,08/21/11,0
1314003209,08/22/11,0
1314089609,08/23/11,0
1314176009,08/24/11,0
1314262409,08/25/11,0
1314348809,08/26/11,0
1314435209,08/27/11,0
1314521609,08/28/11,0
1314608009,08/29/11,0
1314694409,08/30/11,0
1314780809,08/31/11,0
1314867209,09/01/11,0
1314953609,09/02/11,0
1315040009,09/03/11,0
1315126409,09/04/11,0
1315212809,09/05/11,0
1315299209,09/06/11,0
1315385609,09/07/11,0
1315472009,09/08/11,0
1315558409,09/09/11,0
1315644809,09/10/11,0
1315731209,09/11/11,0
1315817609,09/12/11,0
1315904009,09/13/11,0
1315990409,09/14/11,0
1316076809,09/15/11,0
1316163209,09/16/11,0
1316249609,09/17/11,0
1316336009,09/18/11,0
1316422409,09/19/11,0
1316508809,09/20/11,0
1316595209,09/21/11,0
1316681609,09/22/11,0
1316768009,09/23/11,0
1316854409,09/24/11,0
1316940809,09/25/11,0
1317027209,09/26/11,0
1317113609,09/27/11,0
1317200009,09/28/11,0
1317286409,09/29/11,0
1317372809,09/30/11,0
1317459209,10/01/11,0
1317545609,10/02/11,0
1317632009,10/03/11,0
1317718409,10/04/11,0
1317804809,10/05/11,0
1317891209,10/06/11,0
1317977609,10/07/11,0
1318064009,10/08/11,0
1318150409,10/09/11,0
1318236809,10/10/11,0
1318323209,10/11/11,0
1318409609,10/12/11,0
1318496009,10/13/11,0
1318582409,10/14/11,0
1318668809,10/15/11,0
1318755209,10/16/11,0
1318841609,10/17/11,0
1318928009,10/18/11,0
1319014409,10/19/11,0
1319100809,10/20/11,0
1319187209,10/21/11,0
1319273609,10/22/11,0
1319360009,10/23/11,0
1319446409,10/24/11,0
1319532809,10/25/11,0
1319619209,10/26/11,0
1319705609,10/27/11,0
1319792009,10/28/11,0
1319878409,10/29/11,0
1319964809,10/30/11,0
1320051209,10/31/11,0
1320137609,11/01/11,0
1320224009,11/02/11,0
1320310409,11/03/11,0
1320396809,11/04/11,0
1320483209,11/05/11,0
1320569609,11/06/11,0
1320656009,11/07/11,0
1320742409,11/08/11,0
1320828809,11/09/11,0
1320915209,11/10/11,0
1321001609,11/11/11,0
1321088009,11/12/11,0
1321174409,11/13/11,0
1321260809,11/14/11,0
1321347209,11/15/11,0
1321433609,11/16/11,0
1321520009,11/17/11,0
1321606409,11/18/11,0
1321692809,11/19/11,0
1321779209,11/20/11,0
1321865609,11/21/11,0
1321952009,11/22/11,0
1322038409,11/23/11,0
1322124809,11/24/11,0
1322211209,11/25/11,0
1322297609,11/26/11,0
1322384009,11/27/11,0
1322470409,11/28/11,0
1322556809,11/29/11,0
1322643209,11/30/11,0
1322729609,12/01/11,0
1322816009,12/02/11,0
1322902409,12/03/11,0
1322988809,12/04/11,0
1323075209,12/05/11,0
1323161609,12/06/11,0
1323248009,12/07/11,0
1323334409,12/08/11,0
1323420809,12/09/11,0
1323507209,12/10/11,0
1323593609,12/11/11,0
1323680009,12/12/11,0
1323766409,12/13/11,0
1323852809,12/14/11,0
1323939209,12/15/11,0
1324025609,12/16/11,0
1324112009,12/17/11,0
1324198409,12/18/11,0
1324284809,12/19/11,0
1324371209,12/20/11,0
1324457609,12/21/11,0
1324544009,12/22/11,0
1324630409,12/23/11,0
1324716809,12/24/11,0
1324803209,12/25/11,0
1324889609,12/26/11,0
1324976009,12/27/11,0
1325062409,12/28/11,0
1325148809,12/29/11,0
1325235209,12/30/11,0
1325321609,12/31/11,0
1325408009,01/01/12,0
1325494409,01/02/12,0
1325580809,01/03/12,0
1325667209,01/04/12,0
1325753609,01/05/12,0
1325840009,01/06/12,0
1325926409,01/07/12,0
1326012809,01/08/12,0
1326099209,01/09/12,0
1326185609,01/10/12,0
1326272009,01/11/12,0
1326358409,01/12/12,0
1326444809,01/13/12,0
1326531209,01/14/12,0
1326617609,01/15/12,0
1326704009,01/16/12,0
1326790409,01/17/12,0
1326876809,01/18/12,0
1326963209,01/19/12,0
1327049609,01/20/12,0
1327136009,01/21/12,0
1327222409,01/22/12,0
1327308809,01/23/12,0
1327395209,01/24/12,0
1327481609,01/25/12,0
1327568009,01/26/12,0
1327654409,01/27/12,0
1327740809,01/28/12,0
1327827209,01/29/12,0
1327913609,01/30/12,0
1328000009,01/31/12,0
1328086409,02/01/12,0
1328172809,02/02/12,0
1328259209,02/03/12,0
1328345609,02/04/12,0
1328432009,02/05/12,0
1328518409,02/06/12,0
1328604809,02/07/12,0
1328691209,02/08/12,0
1328777609,02/09/12,0
1328864009,02/10/12,0
1328950409,02/11/12,0
1329036809,02/12/12,0
1329123209,02/13/12,0
1329209609,02/14/12,0
1329296009,02/15/12,0
1329382409,02/16/12,0
1329468809,02/17/12,0
1329555209,02/18/12,0
1329641609,02/19/12,0
1329728009,02/20/12,0
1329814409,02/21/12,0
1329900809,02/22/12,0
1329987209,02/23/12,0
1330073609,02/24/12,0
1330160009,02/25/12,0
1330246409,02/26/12,0
1330332809,02/27/12,0
1330419209,02/28/12,0
1330505609,02/29/12,0
1330592009,03/01/12,0
1330678409,03/02/12,0
1330764809,03/03/12,0
1330851209,03/04/12,0
1330937609,03/05/12,0
1331024009,03/06/12,0
1331110409,03/07/12,0
1331196809,03/08/12,0
1331283209,03/09/12,0
1331369609,03/10/12,0
1331456009,03/11/12,0
1331542409,03/12/12,0
1331628809,03/13/12,0
1331715209,03/14/12,0
1331801609,03/15/12,0
1331888009,03/16/12,0
1331974409,03/17/12,0
1332060809,03/18/12,0
1332147209,03/19/12,0
1332233609,03/20/12,0
1332320009,03/21/12,0
1332406409,03/22/12,0
1332492809,03/23/12,0
1332579209,03/24/12,0
1332665609,03/25/12,0
1332752009,03/26/12,0
1332838409,03/27/12,0
1332924809,03/28/12,0
1333011209,03/29/12,0
1333097609,03/30/12,0
1333184009,03/31/12,0
1333270409,04/01/12,0
1333356809,04/02/12,0
1333443209,04/03/12,0
1333529609,04/04/12,0
1333616009,04/05/12,0
1333702409,04/06/12,0
1333788809,04/07/12,0
1333875209,04/08/12,0
1333961609,04/09/12,0
1334048009,04/10/12,0
1334134409,04/11/12,0
1334220809,04/12/12,0
1334307209,04/13/12,0
1334393609,04/14/12,0
1334480009,04/15/12,0
1334566409,04/16/12,0
1334652809,04/17/12,0
1334739209,04/18/12,0
1334825609,04/19/12,0
1334912009,04/20/12,0
1334998409,04/21/12,0
1335084809,04/22/12,0
1335171209,04/23/12,0
1335257609,04/24/12,0
1335344009,04/25/12,0
1335430409,04/26/12,0
1335516809,04/27/12,0
1335603209,04/28/12,0
1335689609,04/29/12,0
1335776009,04/30/12,0
1335862409,05/01/12,0
1335948809,05/02/12,0
1336035209,05/03/12,0
1336121609,05/04/12,0
1336208009,05/05/12,0
1336294409,05/06/12,0
1336380809,05/07/12,0
1336467209,05/08/12,0
1336553609,05/09/12,0
1336640009,05/10/12,0
1336726409,05/11/12,0
1336812809,05/12/12,0
1336899209,05/13/12,0
1336985609,05/14/12,0
1337072009,05/15/12,0
1337158409,05/16/12,0
1337244809,05/17/12,0
1337331209,05/18/12,0
1337417609,05/19/12,0
1337504009,05/20/12,0
1337590409,05/21/12,0
1337676809,05/22/12,0
1337763209,05/23/12,0
1337849609,05/24/12,0
1337936009,05/25/12,0
1338022409,05/26/12,0
1338108809,05/27/12,0
1338195209,05/28/12,0
1338281609,05/29/12,0
1338368009,05/30/12,0
1338454409,05/31/12,0
1338540809,06/01/12,0
1338627209,06/02/12,0
1338713609,06/03/12,0
1338800009,06/04/12,0
1338886409,06/05/12,0
1338972809,06/06/12,0
1339059209,06/07/12,0
1339145609,06/08/12,0
1339232009,06/09/12,0
1339318409,06/10/12,0
1339404809,06/11/12,0
1339491209,06/12/12,0
1339577609,06/13/12,0
1339664009,06/14/12,0
1339750409,06/15/12,0
1339836809,06/16/12,0
1339923209,06/17/12,0
1340009609,06/18/12,0
1340096009,06/19/12,0
1340182409,06/20/12,0
1340268809,06/21/12,0
1340355209,06/22/12,0
1340441609,06/23/12,0
1340528009,06/24/12,0
1340614409,06/25/12,0
1340700809,06/26/12,0
1340787209,06/27/12,0
1340873609,06/28/12,0
1340960009,06/29/12,0
1341046409,06/30/12,0
1341132809,07/01/12,0
1341219209,07/02/12,0
1341305609,07/03/12,0
1341392009,07/04/12,0
1341478409,07/05/12,0
1341564809,07/06/12,0
1341651209,07/07/12,0
1341737609,07/08/12,0
1341824009,07/09/12,0
1341910409,07/10/12,0
1341996809,07/11/12,0
1342083209,07/12/12,0
1342169609,07/13/12,0
1342256009,07/14/12,0
1342342409,07/15/12,0
1342428809,07/16/12,0
1342515209,07/17/12,0
1342601609,07/18/12,0
1342688009,07/19/12,0
1342774409,07/20/12,0
1342860809,07/21/12,0
1342947209,07/22/12,0
1343033609,07/23/12,0
1343120009,07/24/12,0
1343206409,07/25/12,0
1343292809,07/26/12,0
1343379209,07/27/12,0
1343465609,07/28/12,0
1343552009,07/29/12,0
1343638409,07/30/12,0
1343724809,07/31/12,0
1343811209,08/01/12,0
1343897609,08/02/12,0
1343984009,08/03/12,0
1344070409,08/04/12,0
1344156809,08/05/12,0
1344243209,08/06/12,0
1344329609,08/07/12,0
1344416009,08/08/12,0
1344502409,08/09/12,0
1344588809,08/10/12,0
1344675209,08/11/12,0
1344761609,08/12/12,0
1344848009,08/13/12,0
1344934409,08/14/12,0
1345020809,08/15/12,0
1345107209,08/16/12,0
1345193609,08/17/12,0
1345280009,08/18/12,0
1345366409,08/19/12,0
1345452809,08/20/12,0
1345539209,08/21/12,0
1345625609,08/22/12,0
1345712009,08/23/12,0
1345798409,08/24/12,0
1345884809,08/25/12,0
1345971209,08/26/12,0
1346057609,08/27/12,0
1346144009,08/28/12,0
1346230409,08/29/12,0
1346316809,08/30/12,0
1346403209,08/31/12,0
1346489609,09/01/12,0
1346576009,09/02/12,0
1346662409,09/03/12,0
1346748809,09/04/12,0
1346835209,09/05/12,0
1346921609,09/06/12,0
1347008009,09/07/12,0
1347094409,09/08/12,0
1347180809,09/09/12,0
1347267209,09/10/12,0
1347353609,09/11/12,0
1347440009,09/12/12,0
1347526409,09/13/12,0
1347612809,09/14/12,0
1347699209,09/15/12,0
1347785609,09/16/12,0
1347872009,09/17/12,0
1347958409,09/18/12,0
1348044809,09/19/12,0
1348131209,09/20/12,0
1348217609,09/21/12,0
1348304009,09/22/12,0
1348390409,09/23/12,0
1348476809,09/24/12,0
1348563209,09/25/12,0
1348649609,09/26/12,0
1348736009,09/27/12,0
1348822409,09/28/12,0
1348908809,09/29/12,0
1348995209,09/30/12,0
1349081609,10/01/12,0
1349168009,10/02/12,0
1349254409,10/03/12,0
1349340809,10/04/12,0
1349427209,10/05/12,0
1349513609,10/06/12,0
1349600009,10/07/12,0
1349686409,10/08/12,0
1349772809,10/09/12,0
1349859209,10/10/12,0
1349945609,10/11/12,0
1350032009,10/12/12,0
1350118409,10/13/12,0
1350204809,10/14/12,0
1350291209,10/15/12,0
1350377609,10/16/12,0
1350464009,10/17/12,0
1350550409,10/18/12,0
1350636809,10/19/12,0
1350723209,10/20/12,0
1350809609,10/21/12,0
1350896009,10/22/12,0
1350982409,10/23/12,0
1351068809,10/24/12,0
1351155209,10/25/12,0
1351241609,10/26/12,0
1351328009,10/27/12,0
1351414409,10/28/12,0
1351500809,10/29/12,0
1351587209,10/30/12,0
1351673609,10/31/12,0
1351760009,11/01/12,0
1351846409,11/02/12,0
1351932809,11/03/12,0
1352019209,11/04/12,0
1352105609,11/05/12,0
1352192009,11/06/12,0
1352278409,11/07/12,0
1352364809,11/08/12,0
1352451209,11/09/12,0
1352537609,11/10/12,0
1352624009,11/11/12,0
1352710409,11/12/12,0
1352796809,11/13/12,0
1352883209,11/14/12,0
1352969609,11/15/12,0
1353056009,11/16/12,0
1353142409,11/17/12,0
1353228809,11/18/12,0
1353315209,11/19/12,0
1353401609,11/20/12,0
1353488009,11/21/12,0
1353574409,11/22/12,0
1353660809,11/23/12,0
1353747209,11/24/12,0
1353833609,11/25/12,0
1353920009,11/26/12,0
1354006409,11/27/12,0
1354092809,11/28/12,0
1354179209,11/29/12,0
1354265609,11/30/12,0
1354352009,12/01/12,0
1354438409,12/02/12,0
1354524809,12/03/12,0
1354611209,12/04/12,0
1354697609,12/05/12,0
1354784009,12/06/12,0
1354870409,12/07/12,0
1354956809,12/08/12,0
1355043209,12/09/12,0
1355129609,12/10/12,0
1355216009,12/11/12,0
1355302409,12/12/12,0
1355388809,12/13/12,0
1355475209,12/14/12,0
1355561609,12/15/12,0
1355648009,12/16/12,0
1355734409,12/17/12,0
1355820809,12/18/12,0
1355907209,12/19/12,0
1355993609,12/20/12,0
1356080009,12/21/12,0
1356166409,12/22/12,0
1356252809,12/23/12,0
1356339209,12/24/12,0
1356425609,12/25/12,0
1356512009,12/26/12,0
1356598409,12/27/12,0
1356684809,12/28/12,0
1356771209,12/29/12,0
1356857609,12/30/12,0
1356944009,12/31/12,0
1357030409,01/01/13,0
1357116809,01/02/13,0
1357203209,01/03/13,0
1357289609,01/04/13,0
1357376009,01/05/13,0
1357462409,01/06/13,0
1357548809,01/07/13,0
1357635209,01/08/13,0
1357721609,01/09/13,0
1357808009,01/10/13,0
1357894409,01/11/13,0
1357980809,01/12/13,0
1358067209,01/13/13,0
1358153609,01/14/13,0
1358240009,01/15/13,0
1358326409,01/16/13,0
1358412809,01/17/13,0
1358499209,01/18/13,0
1358585609,01/19/13,0
1358672009,01/20/13,0
1358758409,01/21/13,0
1358844809,01/22/13,0
1358931209,01/23/13,0
1359017609,01/24/13,0
1359104009,01/25/13,0
1359190409,01/26/13,0
1359276809,01/27/13,0
1359363209,01/28/13,0
1359449609,01/29/13,0
1359536009,01/30/13,0
1359622409,01/31/13,0
1359708809,02/01/13,0
1359795209,02/02/13,0
1359881609,02/03/13,0
1359968009,02/04/13,0
1360054409,02/05/13,0
1360140809,02/06/13,0
1360227209,02/07/13,0
1360313609,02/08/13,0
1360400009,02/09/13,0
1360486409,02/10/13,0
1360572809,02/11/13,0
1360659209,02/12/13,0
1360745609,02/13/13,0
1360832009,02/14/13,0
1360918409,02/15/13,0
1361004809,02/16/13,0
1361091209,02/17/13,0
1361177609,02/18/13,0
1361264009,02/19/13,0
1361350409,02/20/13,0
1361436809,02/21/13,0
1361523209,02/22/13,0
1361609609,02/23/13,0
1361696009,02/24/13,0
1361782409,02/25/13,0
1361868809,02/26/13,0
1361955209,02/27/13,0
1362041609,02/28/13,0
1362128009,03/01/13,0
1362214409,03/02/13,0
1362300809,03/03/13,0
1362387209,03/04/13,0
1362473609,03/05/13,0
1362560009,03/06/13,0
1362646409,03/07/13,0
1362732809,03/08/13,0
1362819209,03/09/13,0
1362905609,03/10/13,0
1362992009,03/11/13,0
1363078409,03/12/13,0
1363164809,03/13/13,0
1363251209,03/14/13,0
1363337609,03/15/13,0
1363424009,03/16/13,0
1363510409,03/17/13,0
1363596809,03/18/13,0
1363683209,03/19/13,0
1363769609,03/20/13,0
1363856009,03/21/13,0
1363942409,03/22/13,0
1364028809,03/23/13,0
1364115209,03/24/13,0
1364201609,03/25/13,0
1364288009,03/26/13,0
1364374409,03/27/13,0
1364460809,03/28/13,0
1364547209,03/29/13,0
1364633609,03/30/13,0
1364720009,03/31/13,0
1364806409,04/01/13,0
1364892809,04/02/13,0
1364979209,04/03/13,0
1365065609,04/04/13,0
1365152009,04/05/13,0
1365238409,04/06/13,0
1365324809,04/07/13,0
1365411209,04/08/13,0
1365497609,04/09/13,0
1365584009,04/10/13,0
1365670409,04/11/13,0
1365756809,04/12/13,0
1365843209,04/13/13,0
1365929609,04/14/13,0
1366016009,04/15/13,0
1366102409,04/16/13,0
1366188809,04/17/13,0
1366275209,04/18/13,0
1366361609,04/19/13,0
1366448009,04/20/13,0
1366534409,04/21/13,0
1366620809,04/22/13,0
1366707209,04/23/13,0
1366793609,04/24/13,0
1366880009,04/25/13,0
1366966409,04/26/13,0
1367052809,04/27/13,0
1367139209,04/28/13,0
1367225609,04/29/13,0
1367312009,04/30/13,0
1367398409,05/01/13,0
1367484809,05/02/13,0
1367571209,05/03/13,0
1367657609,05/04/13,0
1367744009,05/05/13,0
1367830409,05/06/13,0
1367916809,05/07/13,0
1368003209,05/08/13,0
1368089609,05/09/13,0
1368176009,05/10/13,0
1368262409,05/11/13,0
1368348809,05/12/13,0
1368435209,05/13/13,0
1368521609,05/14/13,0
1368608009,05/15/13,0
1368694409,05/16/13,0
1368780809,05/17/13,0
1368867209,05/18/13,0
1368953609,05/19/13,0
1369040009,05/20/13,0
1369126409,05/21/13,0
1369212809,05/22/13,0
1369299209,05/23/13,0
1369385609,05/24/13,0
1369472009,05/25/13,0
1369558409,05/26/13,0
1369644809,05/27/13,0
1369731209,05/28/13,0
1369817609,05/29/13,0
1369904009,05/30/13,0
1369990409,05/31/13,0
1370076809,06/01/13,0
1370163209,06/02/13,0
1370249609,06/03/13,0
1370336009,06/04/13,0
1370422409,06/05/13,0
1370508809,06/06/13,0
1370595209,06/07/13,0
1370681609,06/08/13,0
1370768009,06/09/13,0
1370854409,06/10/13,0
1370940809,06/11/13,0
1371027209,06/12/13,0
1371113609,06/13/13,0
1371200009,06/14/13,0
1371286409,06/15/13,0
1371372809,06/16/13,0
1371459209,06/17/13,0
1371545609,06/18/13,0
1371632009,06/19/13,0
1371718409,06/20/13,0
1371804809,06/21/13,0
1371891209,06/22/13,0
1371977609,06/23/13,0
1372064009,06/24/13,0
1372150409,06/25/13,0
1372236809,06/26/13,0
1372323209,06/27/13,0
1372409609,06/28/13,0
1372496009,06/29/13,0
1372582409,06/30/13,0
1372668809,07/01/13,0
1372755209,07/02/13,0
1372841609,07/03/13,0
1372928009,07/04/13,0
1373014409,07/05/13,0
1373100809,07/06/13,0
1373187209,07/07/13,0
1373273609,07/08/13,0
1373360009,07/09/13,0
1373446409,07/10/13,0
1373532809,07/11/13,0
1373619209,07/12/13,0
1373705609,07/13/13,0
1373792009,07/14/13,0
1373878409,07/15/13,0
1373964809,07/16/13,0
1374051209,07/17/13,0
1374137609,07/18/13,0
1374224009,07/19/13,0
1374310409,07/20/13,0
1374396809,07/21/13,0
1374483209,07/22/13,0
1374569609,07/23/13,0
1374656009,07/24/13,0
1374742409,07/25/13,0
1374828809,07/26/13,0
1374915209,07/27/13,0
1375001609,07/28/13,0
1375088009,07/29/13,0
1375174409,07/30/13,0
1375260809,07/31/13,0
1375347209,08/01/13,0
1375433609,08/02/13,0
1375520009,08/03/13,0
1375606409,08/04/13,0
1375692809,08/05/13,0
1375779209,08/06/13,0
1375865609,08/07/13,0
1375952009,08/08/13,0
1376038409,08/09/13,0
1376124809,08/10/13,0
1376211209,08/11/13,0
1376297609,08/12/13,0
1376384009,08/13/13,0
1376470409,08/14/13,0
1376556809,08/15/13,0
1376643209,08/16/13,0
1376729609,08/17/13,0
1376816009,08/18/13,0
1376902409,08/19/13,0
1376988809,08/20/13,0
1377075209,08/21/13,0
1377161609,08/22/13,0
1377248009,08/23/13,0
1377334409,08/24/13,0
1377420809,08/25/13,0
1377507209,08/26/13,0
1377593609,08/27/13,0
1377680009,08/28/13,0
1377766409,08/29/13,0
1377852809,08/30/13,0
1377939209,08/31/13,0
1378025609,09/01/13,0
1378112009,09/02/13,0
1378198409,09/03/13,0
1378284809,09/04/13,0
1378371209,09/05/13,0
1378457609,09/06/13,0
1378544009,09/07/13,0
1378630409,09/08/13,0
1378716809,09/09/13,0
1378803209,09/10/13,0
1378889609,09/11/13,0
1378976009,09/12/13,0
1379062409,09/13/13,0
1379148809,09/14/13,0
1379235209,09/15/13,0
1379321609,09/16/13,0
1379408009,09/17/13,0
1379494409,09/18/13,0
1379580809,09/19/13,0
1379667209,09/20/13,0
1379753609,09/21/13,0
1379840009,09/22/13,0
1379926409,09/23/13,0
1380012809,09/24/13,0
1380099209,09/25/13,0
1380185609,09/26/13,0
1380272009,09/27/13,0
1380358409,09/28/13,0
1380444809,09/29/13,0
1380531209,09/30/13,0
1380617609,10/01/13,0
1380704009,10/02/13,0
1380790409,10/03/13,0
1380876809,10/04/13,0
1380963209,10/05/13,0
1381049609,10/06/13,0
1381136009,10/07/13,0
1381222409,10/08/13,0
1381308809,10/09/13,0
1381395209,10/10/13,0
1381481609,10/11/13,0
1381568009,10/12/13,0
1381654409,10/13/13,0
1381740809,10/14/13,0
1381827209,10/15/13,0
1381913609,10/16/13,0
1382000009,10/17/13,0
1382086409,10/18/13,0
1382172809,10/19/13,0
1382259209,10/20/13,0
1382345609,10/21/13,0
1382432009,10/22/13,0
1382518409,10/23/13,0
1382604809,10/24/13,0
1382691209,10/25/13,0
1382777609,10/26/13,0
1382864009,10/27/13,0
1382950409,10/28/13,0
1383036809,10/29/13,0
1383123209,10/30/13,0
1383209609,10/31/13,0
1383296009,11/01/13,0
1383382409,11/02/13,0
1383468809,11/03/13,0
1383555209,11/04/13,0
1383641609,11/05/13,0
1383728009,11/06/13,0
1383814409,11/07/13,0
1383900809,11/08/13,0
1383987209,11/09/13,0
1384073609,11/10/13,0
1384160009,11/11/13,0
1384246409,11/12/13,0
1384332809,11/13/13,0
1384419209,11/14/13,0
1384505609,11/15/13,0
1384592009,11/16/13,0
1384678409,11/17/13,0
1384764809,11/18/13,0
1384851209,11/19/13,0
1384937609,11/20/13,0
1385024009,11/21/13,0
1385110409,11/22/13,0
1385196809,11/23/13,0
1385283209,11/24/13,0
1385369609,11/25/13,0
1385456009,11/26/13,0
1385542409,11/27/13,0
1385628809,11/28/13,0
1385715209,11/29/13,0
1385801609,11/30/13,0
1385888009,12/01/13,0
1385974409,12/02/13,0
1386060809,12/03/13,0
1386147209,12/04/13,0
1386233609,12/05/13,0
1386320009,12/06/13,0
1386406409,12/07/13,0
1386492809,12/08/13,0
1386579209,12/09/13,0
1386665609,12/10/13,0
1386752009,12/11/13,0
1386838409,12/12/13,0
1386924809,12/13/13,0
1387011209,12/14/13,0
1387097609,12/15/13,0
1387184009,12/16/13,0
1387270409,12/17/13,0
1387356809,12/18/13,0
1387443209,12/19/13,0
1387529609,12/20/13,0
1387616009,12/21/13,0
1387702409,12/22/13,0
1387788809,12/23/13,0
1387875209,12/24/13,0
1387961609,12/25/13,0
1388048009,12/26/13,0
1388134409,12/27/13,0
1388220809,12/28/13,0
1388307209,12/29/13,0
1388393609,12/30/13,0
1388480009,12/31/13,0
1388566409,01/01/14,0
1388652809,01/02/14,0
1388739209,01/03/14,0
1388825609,01/04/14,0
1388912009,01/05/14,0
1388998409,01/06/14,0
1389084809,01/07/14,0
1389171209,01/08/14,0
1389257609,01/09/14,0
1389344009,01/10/14,0
1389430409,01/11/14,0
1389516809,01/12/14,0
1389603209,01/13/14,0
1389689609,01/14/14,0
1389776009,01/15/14,0
1389862409,01/16/14,0
1389948809,01/17/14,0
1390035209,01/18/14,0
1390121609,01/19/14,0
1390208009,01/20/14,0
1390294409,01/21/14,0
1390380809,01/22/14,0
1390467209,01/23/14,0
1390553609,01/24/14,0
1390640009,01/25/14,0
1390726409,01/26/14,0
1390812809,01/27/14,0
1390899209,01/28/14,0
1390985609,01/29/14,0
1391072009,01/30/14,0
1391158409,01/31/14,0
1391244809,02/01/14,0
1391331209,02/02/14,0
1391417609,02/03/14,0
1391504009,02/04/14,0
1391590409,02/05/14,0
1391676809,02/06/14,0
1391763209,02/07/14,0
1391849609,02/08/14,0
1391936009,02/09/14,0
1392022409,02/10/14,0
1392108809,02/11/14,0
1392195209,02/12/14,0
1392281609,02/13/14,0
1392368009,02/14/14,0
1392454409,02/15/14,0
1392540809,02/16/14,0
1392627209,02/17/14,0
1392713609,02/18/14,0
1392800009,02/19/14,0
1392886409,02/20/14,0
1392972809,02/21/14,0
1393059209,02/22/14,0
1393145609,02/23/14,0
1393232009,02/24/14,0
1393318409,02/25/14,0
1393404809,02/26/14,0
1393491209,02/27/14,0
1393577609,02/28/14,0
1393664009,03/01/14,0
1393750409,03/02/14,0
1393836809,03/03/14,0
1393923209,03/04/14,0
1394009609,03/05/14,0
1394096009,03/06/14,0
1394182409,03/07/14,0
1394268809,03/08/14,0
1394355209,03/09/14,0
1394441609,03/10/14,0
1394528009,03/11/14,0
1394614409,03/12/14,0
1394700809,03/13/14,0
1394787209,03/14/14,0
1394873609,03/15/14,0
1394960009,03/16/14,0
1395046409,03/17/14,0
1395132809,03/18/14,0
1395219209,03/19/14,0
1395305609,03/20/14,0
1395392009,03/21/14,0
1395478409,03/22/14,0
1395564809,03/23/14,0
1395651209,03/24/14,0
1395737609,03/25/14,0
1395824009,03/26/14,0
1395910409,03/27/14,0
1395996809,03/28/14,0
1396083209,03/29/14,0
1396169609,03/30/14,0
1396256009,03/31/14,0
1396342409,04/01/14,0
1396428809,04/02/14,0
1396515209,04/03/14,0
1396601609,04/04/14,0
1396688009,04/05/14,0
1396774409,04/06/14,0
1396860809,04/07/14,0
1396947209,04/08/14,0
1397033609,04/09/14,0
1397120009,04/10/14,0
1397206409,04/11/14,0
1397292809,04/12/14,0
1397379209,04/13/14,0
1397465609,04/14/14,0
1397552009,04/15/14,0
1397638409,04/16/14,0
1397724809,04/17/14,0
1397811209,04/18/14,0
1397897609,04/19/14,0
1397984009,04/20/14,0
1398070409,04/21/14,0
1398156809,04/22/14,0
1398243209,04/23/14,0
1398329609,04/24/14,0
1398416009,04/25/14,0
1398502409,04/26/14,0
1398588809,04/27/14,0
1398675209,04/28/14,0
1398761609,04/29/14,0
1398848009,04/30/14,0
1398934409,05/01/14,0
1399020809,05/02/14,0
1399107209,05/03/14,0
1399193609,05/04/14,0
1399280009,05/05/14,0
1399366409,05/06/14,0
1399452809,05/07/14,0
1399539209,05/08/14,0
1399625609,05/09/14,0
1399712009,05/10/14,0
1399798409,05/11/14,0
1399884809,05/12/14,0
1399971209,05/13/14,0
1400057609,05/14/14,0
1400144009,05/15/14,0
1400230409,05/16/14,0
1400316809,05/17/14,0
1400403209,05/18/14,0
1400489609,05/19/14,0
1400576009,05/20/14,0
1400662409,05/21/14,0
1400748809,05/22/14,0
1400835209,05/23/14,0
1400921609,05/24/14,0
1401008009,05/25/14,0
1401094409,05/26/14,0
1401180809,05/27/14,0
1401267209,05/28/14,0
1401353609,05/29/14,0
1401440009,05/30/14,0
1401526409,05/31/14,0
1401612809,06/01/14,0
1401699209,06/02/14,0
1401785609,06/03/14,0
1401872009,06/04/14,0
1401958409,06/05/14,0
1402044809,06/06/14,0
1402131209,06/07/14,0
1402217609,06/08/14,0
1402304009,06/09/14,0
1402390409,06/10/14,0
1402476809,06/11/14,0
1402563209,06/12/14,0
1402649609,06/13/14,0
1402736009,06/14/14,0
1402822409,06/15/14,0
1402908809,06/16/14,0
1402995209,06/17/14,0
1403081609,06/18/14,0
1403168009,06/19/14,0
1403254409,06/20/14,0
1403340809,06/21/14,0
1403427209,06/22/14,0
1403513609,06/23/14,0
1403600009,06/24/14,0
1403686409,06/25/14,0
1403772809,06/26/14,0
1403859209,06/27/14,0
1403945609,06/28/14,0
1404032009,06/29/14,0
1404118409,06/30/14,0
1404204809,07/01/14,0
1404291209,07/02/14,0
1404377609,07/03/14,0
1404464009,07/04/14,0
1404550409,07/05/14,0
1404636809,07/06/14,0
1404723209,07/07/14,0
1404809609,07/08/14,0
1404896009,07/09/14,0
1404982409,07/10/14,0
1405068809,07/11/14,0
1405155209,07/12/14,0
1405241609,07/13/14,0
1405328009,07/14/14,0
1405414409,07/15/14,0
1405500809,07/16/14,0
1405587209,07/17/14,0
1405673609,07/18/14,0
1405760009,07/19/14,0
1405846409,07/20/14,0
1405932809,07/21/14,0
1406019209,07/22/14,0
1406105609,07/23/14,0
1406192009,07/24/14,0
1406278409,07/25/14,0
1406364809,07/26/14,0
1406451209,07/27/14,0
1406537609,07/28/14,0
1406624009,07/29/14,0
1406710409,07/30/14,0
1406796809,07/31/14,0
1406883209,08/01/14,0
1406969609,08/02/14,0
1407056009,08/03/14,0
1407142409,08/04/14,0
1407228809,08/05/14,0
1407315209,08/06/14,0
1407401609,08/07/14,0
1407488009,08/08/14,0
1407574409,08/09/14,0
1407660809,08/10/14,0
1407747209,08/11/14,0
1407833609,08/12/14,0
1407920009,08/13/14,0
1408006409,08/14/14,0
1408092809,08/15/14,0
1408179209,08/16/14,0
1408265609,08/17/14,0
1408352009,08/18/14,0
1408438409,08/19/14,0
1408524809,08/20/14,0
1408611209,08/21/14,0
1408697609,08/22/14,0
1408784009,08/23/14,0
1408870409,08/24/14,0
1408956809,08/25/14,0
1409043209,08/26/14,0
1409129609,08/27/14,0
1409216009,08/28/14,0
1409302409,08/29/14,0
1409388809,08/30/14,0
1409475209,08/31/14,0
1409561609,09/01/14,0
1409648009,09/02/14,0
1409734409,09/03/14,0
1409820809,09/04/14,0
1409907209,09/05/14,0
1409993609,09/06/14,0
1410080009,09/07/14,0
1410166409,09/08/14,0
1410252809,09/09/14,0
1410339209,09/10/14,0
1410425609,09/11/14,0
1410512009,09/12/14,0
1410598409,09/13/14,0
1410684809,09/14/14,0
1410771209,09/15/14,0
1410857609,09/16/14,0
1410944009,09/17/14,0
1411030409,09/18/14,0
1411116809,09/19/14,0
1411203209,09/20/14,0
1411289609,09/21/14,0
1411376009,09/22/14,0
1411462409,09/23/14,0
1411548809,09/24/14,0
1411635209,09/25/14,0
1411721609,09/26/14,0
1411808009,09/27/14,0
1411894409,09/28/14,0
1411980809,09/29/14,0
1412067209,09/30/14,0
1412153609,10/01/14,0
1412240009,10/02/14,0
1412326409,10/03/14,0
1412412809,10/04/14,0
1412499209,10/05/14,0
1412585609,10/06/14,0
1412672009,10/07/14,0
1412758409,10/08/14,0
1412844809,10/09/14,0
1412931209,10/10/14,0
1413017609,10/11/14,0
1413104009,10/12/14,0
1413190409,10/13/14,0
1413276809,10/14/14,0
1413363209,10/15/14,0
1413449609,10/16/14,0
1413536009,10/17/14,0
1413622409,10/18/14,0
1413708809,10/19/14,0
1413795209,10/20/14,0
1413881609,10/21/14,0
1413968009,10/22/14,0
1414054409,10/23/14,0
1414140809,10/24/14,0
1414227209,10/25/14,0
1414313609,10/26/14,0
1414400009,10/27/14,0
1414486409,10/28/14,0
1414572809,10/29/14,0
1414659209,10/30/14,0
1414745609,10/31/14,0
1414832009,11/01/14,0
1414918409,11/02/14,0
1415004809,11/03/14,0
1415091209,11/04/14,0
1415177609,11/05/14,0
1415264009,11/06/14,0
1415350409,11/07/14,0
1415436809,11/08/14,0
1415523209,11/09/14,0
1415609609,11/10/14,0
1415696009,11/11/14,0
1415782409,11/12/14,0
1415868809,11/13/14,0
1415955209,11/14/14,0
1416041609,11/15/14,0
1416128009,11/16/14,0
1416214409,11/17/14,0
1416300809,11/18/14,0
1416387209,11/19/14,0
1416473609,11/20/14,0
1416560009,11/21/14,0
1416646409,11/22/14,0
1416732809,11/23/14,0
1416819209,11/24/14,0
1416905609,11/25/14,0
1416992009,11/26/14,0
1417078409,11/27/14,0
1417164809,11/28/14,0
1417251209,11/29/14,0
1417337609,11/30/14,0
1417424009,12/01/14,0
1417510409,12/02/14,0
1417596809,12/03/14,0
1417683209,12/04/14,0
1417769609,12/05/14,0
1417856009,12/06/14,0
1417942409,12/07/14,0
1418028809,12/08/14,0
1418115209,12/09/14,0
1418201609,12/10/14,0
1418288009,12/11/14,0
1418374409,12/12/14,0
1418460809,12/13/14,0
1418547209,12/14/14,0
1418633609,12/15/14,0
1418720009,12/16/14,0
1418806409,12/17/14,0
1418892809,12/18/14,0
1418979209,12/19/14,0
1419065609,12/20/14,0
1419152009,12/21/14,0
1419238409,12/22/14,0
1419324809,12/23/14,0
1419411209,12/24/14,0
1419497609,12/25/14,0
1419584009,12/26/14,0
1419670409,12/27/14,0
1419756809,12/28/14,0
1419843209,12/29/14,0
1419929609,12/30/14,0
1420016009,12/31/14,0
1420102409,01/01/15,0
1420188809,01/02/15,0
1420275209,01/03/15,0
1420361609,01/04/15,0
1420448009,01/05/15,0
1420534409,01/06/15,0
1420620809,01/07/15,0
1420707209,01/08/15,0
1420793609,01/09/15,0
1420880009,01/10/15,0
1420966409,01/11/15,0
1421052809,01/12/15,0
1421139209,01/13/15,0
1421225609,01/14/15,0
1421312009,01/15/15,0
1421398409,01/16/15,0
1421484809,01/17/15,0
1421571209,01/18/15,0
1421657609,01/19/15,0
1421744009,01/20/15,0
1421830409,01/21/15,0
1421916809,01/22/15,0
1422003209,01/23/15,0
1422089609,01/24/15,0
1422176009,01/25/15,0
1422262409,01/26/15,0
1422348809,01/27/15,0
1422435209,01/28/15,0
1422521609,01/29/15,0
1422608009,01/30/15,0
1422694409,01/31/15,0
1422780809,02/01/15,0
1422867209,02/02/15,0
1422953609,02/03/15,0
1423040009,02/04/15,0
1423126409,02/05/15,0
1423212809,02/06/15,0
1423299209,02/07/15,0
1423385609,02/08/15,0
1423472009,02/09/15,0
1423558409,02/10/15,0
1423644809,02/11/15,0
1423731209,02/12/15,0
1423817609,02/13/15,0
1423904009,02/14/15,0
1423990409,02/15/15,0
1424076809,02/16/15,0
1424163209,02/17/15,0
1424249609,02/18/15,0
1424336009,02/19/15,0
1424422409,02/20/15,0
1424508809,02/21/15,0
1424595209,02/22/15,0
1424681609,02/23/15,0
1424768009,02/24/15,0
1424854409,02/25/15,0
1424940809,02/26/15,0
1425027209,02/27/15,0
1425113609,02/28/15,0
1425200009,03/01/15,0
1425286409,03/02/15,0
1425372809,03/03/15,0
1425459209,03/04/15,0
1425545609,03/05/15,0
1425632009,03/06/15,0
1425718409,03/07/15,0
1425804809,03/08/15,0
1425891209,03/09/15,0
1425977609,03/10/15,0
1426064009,03/11/15,0
1426150409,03/12/15,0
1426236809,03/13/15,0
1426323209,03/14/15,0
1426409609,03/15/15,0
1426496009,03/16/15,0
1426582409,03/17/15,0
1426668809,03/18/15,0
1426755209,03/19/15,0
1426841609,03/20/15,0
1426928009,03/21/15,0
1427014409,03/22/15,0
1427100809,03/23/15,0
1427187209,03/24/15,0
1427273609,03/25/15,0
1427360009,03/26/15,0
1427446409,03/27/15,0
1427532809,03/28/15,0
1427619209,03/29/15,0
1427705609,03/30/15,0
1427792009,03/31/15,0
1427878409,04/01/15,0
1427964809,04/02/15,0
1428051209,04/03/15,0
1428137609,04/04/15,0
1428224009,04/05/15,0
1428310409,04/06/15,0
1428396809,04/07/15,0
1428483209,04/08/15,0
1428569609,04/09/15,0
1428656009,04/10/15,0
1428742409,04/11/15,0
1428828809,04/12/15,0
1428915209,04/13/15,0
1429001609,04/14/15,0
1429088009,04/15/15,0
1429174409,04/16/15,0
1429260809,04/17/15,0
1429347209,04/18/15,0
1429433609,04/19/15,0
1429520009,04/20/15,0
1429606409,04/21/15,0
1429692809,04/22/15,0
1429779209,04/23/15,0
1429865609,04/24/15,0
1429952009,04/25/15,0
1430038409,04/26/15,0
1430124809,04/27/15,0
1430211209,04/28/15,0
1430297609,04/29/15,0
1430384009,04/30/15,0
1430470409,05/01/15,0
1430556809,05/02/15,0
1430643209,05/03/15,0
1430729609,05/04/15,0
1430816009,05/05/15,0
1430902409,05/06/15,0
1430988809,05/07/15,0
1431075209,05/08/15,0
1431161609,05/09/15,0
1431248009,05/10/15,0
1431334409,05/11/15,0
1431420809,05/12/15,0
1431507209,05/13/15,0
1431593609,05/14/15,0
1431680009,05/15/15,0
1431766409,05/16/15,0
1431852809,05/17/15,0
1431939209,05/18/15,0
1432025609,05/19/15,0
1432112009,05/20/15,0
1432198409,05/21/15,0
1432284809,05/22/15,0
1432371209,05/23/15,0
1432457609,05/24/15,0
1432544009,05/25/15,0
1432630409,05/26/15,0
1432716809,05/27/15,0
1432803209,05/28/15,0
1432889609,05/29/15,0
1432976009,05/30/15,0
1433062409,05/31/15,0
1433148809,06/01/15,0
1433235209,06/02/15,0
1433321609,06/03/15,0
1433408009,06/04/15,0
1433494409,06/05/15,0
1433580809,06/06/15,0
1433667209,06/07/15,0
1433753609,06/08/15,0
1433840009,06/09/15,0
1433926409,06/10/15,0
1434012809,06/11/15,0
1434099209,06/12/15,0
1434185609,06/13/15,0
1434272009,06/14/15,0
1434358409,06/15/15,0
1434444809,06/16/15,0
1434531209,06/17/15,0
1434617609,06/18/15,0
1434704009,06/19/15,0
1434790409,06/20/15,0
1434876809,06/21/15,0
1434963209,06/22/15,0
1435049609,06/23/15,0
1435136009,06/24/15,0
1435222409,06/25/15,0
1435308809,06/26/15,0
1435395209,06/27/15,0
1435481609,06/28/15,0
1435568009,06/29/15,0
1435654409,06/30/15,0
1435740809,07/01/15,0
1435827209,07/02/15,0
1435913609,07/03/15,0
1436000009,07/04/15,0
1436086409,07/05/15,0
1436172809,07/06/15,0
1436259209,07/07/15,0
1436345609,07/08/15,0
1436432009,07/09/15,0
1436518409,07/10/15,0
1436604809,07/11/15,0
1436691209,07/12/15,0
1436777609,07/13/15,0
1436864009,07/14/15,0
1436950409,07/15/15,0
1437036809,07/16/15,0
1437123209,07/17/15,0
1437209609,07/18/15,0
1437296009,07/19/15,0
1437382409,07/20/15,0
1437468809,07/21/15,0
1437555209,07/22/15,0
1437641609,07/23/15,0
1437728009,07/24/15,0
1437814409,07/25/15,0
1437900809,07/26/15,0
1437987209,07/27/15,0
1438073609,07/28/15,0
1438160009,07/29/15,0
1438246409,07/30/15,0
1438332809,07/31/15,0
1438419209,08/01/15,0
1438505609,08/02/15,0
1438592009,08/03/15,0
1438678409,08/04/15,0
1438764809,08/05/15,0
1438851209,08/06/15,0
1438937609,08/07/15,0
1439024009,08/08/15,0
1439110409,08/09/15,0
1439196809,08/10/15,0
1439283209,08/11/15,0
1439369609,08/12/15,0
1439456009,08/13/15,0
1439542409,08/14/15,0
1439628809,08/15/15,0
1439715209,08/16/15,0
1439801609,08/17/15,0
1439888009,08/18/15,0
1439974409,08/19/15,0
1440060809,08/20/15,0
1440147209,08/21/15,0
1440233609,08/22/15,0
1440320009,08/23/15,0
1440406409,08/24/15,0
1440492809,08/25/15,0
1440579209,08/26/15,0
1440665609,08/27/15,0
1440752009,08/28/15,0
1440838409,08/29/15,0
1440924809,08/30/15,0
1441011209,08/31/15,0
1441097609,09/01/15,0
1441184009,09/02/15,0
1441270409,09/03/15,0
1441356809,09/04/15,0
1441443209,09/05/15,0
1441529609,09/06/15,0
1441616009,09/07/15,0
1441702409,09/08/15,0
1441788809,09/09/15,0
1441875209,09/10/15,0
1441961609,09/11/15,0
1442048009,09/12/15,0
1442134409,09/13/15,0
1442220809,09/14/15,0
1442307209,09/15/15,0
1442393609,09/16/15,0
1442480009,09/17/15,0
1442566409,09/18/15,0
1442652809,09/19/15,0
1442739209,09/20/15,0
1442825609,09/21/15,0
1442912009,09/22/15,0
1442998409,09/23/15,0
1443084809,09/24/15,0
1443171209,09/25/15,0
1443257609,09/26/15,0
1443344009,09/27/15,0
1443430409,09/28/15,0
1443516809,09/29/15,0
1443603209,09/30/15,0
1443689609,10/01/15,0
1443776009,10/02/15,0
1443862409,10/03/15,0
1443948809,10/04/15,0
1444035209,10/05/15,0
1444121609,10/06/15,0
1444208009,10/07/15,0
1444294409,10/08/15,0
1444380809,10/09/15,0
1444467209,10/10/15,0
1444553609,10/11/15,0
1444640009,10/12/15,0
1444726409,10/13/15,0
1444812809,10/14/15,0
1444899209,10/15/15,0
1444985609,10/16/15,0
1445072009,10/17/15,0
1445158409,10/18/15,0
1445244809,10/19/15,0
1445331209,10/20/15,0
1445417609,10/21/15,0
1445504009,10/22/15,0
1445590409,10/23/15,0
1445676809,10/24/15,0
1445763209,10/25/15,0
1445849609,10/26/15,0
1445936009,10/27/15,0
1446022409,10/28/15,0
1446108809,10/29/15,0
1446195209,10/30/15,0
1446281609,10/31/15,0
1446368009,11/01/15,0
1446454409,11/02/15,0
1446540809,11/03/15,0
1446627209,11/04/15,0
1446713609,11/05/15,0
1446800009,11/06/15,0
1446886409,11/07/15,0
1446972809,11/08/15,0
1447059209,11/09/15,0
1447145609,11/10/15,0
1447232009,11/11/15,0
1447318409,11/12/15,0
1447404809,11/13/15,0
1447491209,11/14/15,0
1447577609,11/15/15,0
1447664009,11/16/15,0
1447750409,11/17/15,0
1447836809,11/18/15,0
1447923209,11/19/15,0
1448009609,11/20/15,0
1448096009,11/21/15,0
1448182409,11/22/15,0
1448268809,11/23/15,0
1448355209,11/24/15,0
1448441609,11/25/15,0
1448528009,11/26/15,0
1448614409,11/27/15,0
1448700809,11/28/15,0
1448787209,11/29/15,0
1448873609,11/30/15,0
1448960009,12/01/15,0
1449046409,12/02/15,0
1449132809,12/03/15,0
1449219209,12/04/15,0
1449305609,12/05/15,0
1449392009,12/06/15,0
1449478409,12/07/15,0
1449564809,12/08/15,0
1449651209,12/09/15,0
1449737609,12/10/15,0
1449824009,12/11/15,0
1449910409,12/12/15,0
1449996809,12/13/15,0
1450083209,12/14/15,0
1450169609,12/15/15,0
1450256009,12/16/15,0
1450342409,12/17/15,0
1450428809,12/18/15,0
1450515209,12/19/15,0
1450601609,12/20/15,0
1450688009,12/21/15,0
1450774409,12/22/15,0
1450860809,12/23/15,0
1450947209,12/24/15,0
1451033609,12/25/15,0
1451120009,12/26/15,0
1451206409,12/27/15,0
1451292809,12/28/15,0
1451379209,12/29/15,0
1451465609,12/30/15,0
1451552009,12/31/15,0
1451638409,01/01/16,0
1451724809,01/02/16,0
1451811209,01/03/16,0
1451897609,01/04/16,0
1451984009,01/05/16,0
1452070409,01/06/16,0
1452156809,01/07/16,0
1452243209,01/08/16,0
1452329609,01/09/16,0
1452416009,01/10/16,0
1452502409,01/11/16,0
1452588809,01/12/16,0
1452675209,01/13/16,0
1452761609,01/14/16,0
1452848009,01/15/16,0
1452934409,01/16/16,0
1453020809,01/17/16,0
1453107209,01/18/16,0
1453193609,01/19/16,0
1453280009,01/20/16,0
1453366409,01/21/16,0
1453452809,01/22/16,0
1453539209,01/23/16,0
1453625609,01/24/16,0
1453712009,01/25/16,0
1453798409,01/26/16,0
1453884809,01/27/16,0
1453971209,01/28/16,0
1454057609,01/29/16,0
1454144009,01/30/16,0
1454230409,01/31/16,0
1454316809,02/01/16,0
1454403209,02/02/16,0
1454489609,02/03/16,0
1454576009,02/04/16,0
1454662409,02/05/16,0
1454748809,02/06/16,0
1454835209,02/07/16,0
1454921609,02/08/16,0
1455008009,02/09/16,0
1455094409,02/10/16,0
1455180809,02/11/16,0
1455267209,02/12/16,0
1455353609,02/13/16,0
1455440009,02/14/16,0
1455526409,02/15/16,0
1455612809,02/16/16,0
1455699209,02/17/16,0
1455785609,02/18/16,0
1455872009,02/19/16,0
1455958409,02/20/16,0
1456044809,02/21/16,0
1456131209,02/22/16,0
1456217609,02/23/16,0
1456304009,02/24/16,0
1456390409,02/25/16,0
1456476809,02/26/16,0
1456563209,02/27/16,0
1456649609,02/28/16,0
1456736009,02/29/16,0
1456822409,03/01/16,0
1456908809,03/02/16,0
1456995209,03/03/16,0
1457081609,03/04/16,0
1457168009,03/05/16,0
1457254409,03/06/16,0
1457340809,03/07/16,0
1457427209,03/08/16,0
1457513609,03/09/16,0
1457600009,03/10/16,0
1457686409,03/11/16,0
1457772809,03/12/16,0
1457859209,03/13/16,0
1457945609,03/14/16,0
1458032009,03/15/16,0
1458118409,03/16/16,0
1458204809,03/17/16,0
1458291209,03/18/16,0
1458377609,03/19/16,0
1458464009,03/20/16,0
1458550409,03/21/16,0
1458636809,03/22/16,0
1458723209,03/23/16,0
1458809609,03/24/16,0
1458896009,03/25/16,0
1458982409,03/26/16,0
1459068809,03/27/16,0
1459155209,03/28/16,0
1459241609,03/29/16,0
1459328009,03/30/16,0
1459414409,03/31/16,0
1459500809,04/01/16,0
1459587209,04/02/16,0
1459673609,04/03/16,0
1459760009,04/04/16,0
1459846409,04/05/16,0
1459932809,04/06/16,0
1460019209,04/07/16,0
1460105609,04/08/16,0
1460192009,04/09/16,0
1460278409,04/10/16,0
1460364809,04/11/16,0
1460451209,04/12/16,0
1460537609,04/13/16,0
1460624009,04/14/16,0
1460710409,04/15/16,0
1460796809,04/16/16,0
1460883209,04/17/16,0
1460969609,04/18/16,0
1461056009,04/19/16,0
1461142409,04/20/16,0
1461228809,04/21/16,0
1461315209,04/22/16,0
1461401609,04/23/16,0
1461488009,04/24/16,0
1461574409,04/25/16,0
1461660809,04/26/16,0
1461747209,04/27/16,0
1461833609,04/28/16,0
1461920009,04/29/16,0
1462006409,04/30/16,0
1462092809,05/01/16,0
1462179209,05/02/16,0
1462265609,05/03/16,0
1462352009,05/04/16,0
1462438409,05/05/16,0
1462524809,05/06/16,0
1462611209,05/07/16,0
1462697609,05/08/16,0
1462784009,05/09/16,0
1462870409,05/10/16,0
1462956809,05/11/16,0
1463043209,05/12/16,0
1463129609,05/13/16,0
1463216009,05/14/16,0
1463302409,05/15/16,0
1463388809,05/16/16,0
1463475209,05/17/16,0
1463561609,05/18/16,0
1463648009,05/19/16,0
1463734409,05/20/16,0
1463820809,05/21/16,0
1463907209,05/22/16,0
1463993609,05/23/16,0
1464080009,05/24/16,0
1464166409,05/25/16,0
1464252809,05/26/16,0
1464339209,05/27/16,0
1464425609,05/28/16,0
1464512009,05/29/16,0
1464598409,05/30/16,0
1464684809,05/31/16,0
1464771209,06/01/16,0
1464857609,06/02/16,0
1464944009,06/03/16,0
1465030409,06/04/16,0
1465116809,06/05/16,0
1465203209,06/06/16,0
1465289609,06/07/16,0
1465376009,06/08/16,0
1465462409,06/09/16,0
1465548809,06/10/16,0
1465635209,06/11/16,0
1465721609,06/12/16,0
1465808009,06/13/16,0
1465894409,06/14/16,0
1465980809,06/15/16,0
1466067209,06/16/16,0
1466153609,06/17/16,0
1466240009,06/18/16,0
1466326409,06/19/16,0
1466412809,06/20/16,0
1466499209,06/21/16,0
1466585609,06/22/16,0
1466672009,06/23/16,0
1466758409,06/24/16,0
1466844809,06/25/16,0
1466931209,06/26/16,0
1467017609,06/27/16,0
1467104009,06/28/16,0
1467190409,06/29/16,0
1467276809,06/30/16,0
1467363209,07/01/16,0
1467449609,07/02/16,0
1467536009,07/03/16,0
1467622409,07/04/16,0
1467708809,07/05/16,0
1467795209,07/06/16,0
1467881609,07/07/16,0
1467968009,07/08/16,0
1468054409,07/09/16,0
1468140809,07/10/16,0
1468227209,07/11/16,0
1468313609,07/12/16,0
1468400009,07/13/16,0
1468486409,07/14/16,0
1468572809,07/15/16,0
1468659209,07/16/16,0
1468745609,07/17/16,0
1468832009,07/18/16,0
1468918409,07/19/16,0
1469004809,07/20/16,0
1469091209,07/21/16,0
1469177609,07/22/16,0
1469264009,07/23/16,0
1469350409,07/24/16,0
1469436809,07/25/16,0
1469523209,07/26/16,0
1469609609,07/27/16,0
1469696009,07/28/16,0
1469782409,07/29/16,0
1469868809,07/30/16,0
1469955209,07/31/16,0
1470041609,08/01/16,0
1470128009,08/02/16,0
1470214409,08/03/16,0
1470300809,08/04/16,0
1470387209,08/05/16,0
1470473609,08/06/16,0
1470560009,08/07/16,0
1470646409,08/08/16,0
1470732809,08/09/16,0
1470819209,08/10/16,0
1470905609,08/11/16,0
1470992009,08/12/16,0
1471078409,08/13/16,0
1471164809,08/14/16,0
1471251209,08/15/16,0
1471337609,08/16/16,0
1471424009,08/17/16,0
1471510409,08/18/16,0
1471596809,08/19/16,0
1471683209,08/20/16,0
1471769609,08/21/16,0
1471856009,08/22/16,0
1471942409,08/23/16,0
1472028809,08/24/16,0
1472115209,08/25/16,0
1472201609,08/26/16,0
1472288009,08/27/16,0
1472374409,08/28/16,0
1472460809,08/29/16,0
1472547209,08/30/16,0
1472633609,08/31/16,0
1472720009,09/01/16,0
1472806409,09/02/16,0
1472892809,09/03/16,0
1472979209,09/04/16,0
1473065609,09/05/16,0
1473152009,09/06/16,0
1473238409,09/07/16,0
1473324809,09/08/16,0
1473411209,09/09/16,0
1473497609,09/10/16,0
1473584009,09/11/16,0
1473670409,09/12/16,0
1473756809,09/13/16,0
1473843209,09/14/16,0
1473929609,09/15/16,0
1474016009,09/16/16,0
1474102409,09/17/16,0
1474188809,09/18/16,0
1474275209,09/19/16,0
1474361609,09/20/16,0
1474448009,09/21/16,0
1474534409,09/22/16,0
1474620809,09/23/16,0
1474707209,09/24/16,0
1474793609,09/25/16,0
1474880009,09/26/16,0
1474966409,09/27/16,0
1475052809,09/28/16,0
1475139209,09/29/16,0
1475225609,09/30/16,0
1475312009,10/01/16,0
1475398409,10/02/16,0
1475484809,10/03/16,0
1475571209,10/04/16,0
1475657609,10/05/16,0
1475744009,10/06/16,0
1475830409,10/07/16,0
1475916809,10/08/16,0
1476003209,10/09/16,0
1476089609,10/10/16,0
1476176009,10/11/16,0
1476262409,10/12/16,0
1476348809,10/13/16,0
1476435209,10/14/16,0
1476521609,10/15/16,0
1476608009,10/16/16,0
1476694409,10/17/16,0
1476780809,10/18/16,0
1476867209,10/19/16,0
1476953609,10/20/16,0
1477040009,10/21/16,0
1477126409,10/22/16,0
1477212809,10/23/16,0
1477299209,10/24/16,0
1477385609,10/25/16,0
1477472009,10/26/16,0
1477558409,10/27/16,0
1477644809,10/28/16,0
1477731209,10/29/16,0
1477817609,10/30/16,0
1477904009,10/31/16,0
1477990409,11/01/16,0
1478076809,11/02/16,0
1478163209,11/03/16,0
1478249609,11/04/16,0
1478336009,11/05/16,0
1478422409,11/06/16,0
1478508809,11/07/16,0
1478595209,11/08/16,0
1478681609,11/09/16,0
1478768009,11/10/16,0
1478854409,11/11/16,0
1478940809,11/12/16,0
1479027209,11/13/16,0
1479113609,11/14/16,0
1479200009,11/15/16,0
1479286409,11/16/16,0
1479372809,11/17/16,0
1479459209,11/18/16,0
1479545609,11/19/16,0
1479632009,11/20/16,0
1479718409,11/21/16,0
1479804809,11/22/16,0
1479891209,11/23/16,0
1479977609,11/24/16,0
1480064009,11/25/16,0
1480150409,11/26/16,0
1480236809,11/27/16,0
1480323209,11/28/16,0
1480409609,11/29/16,0
1480496009,11/30/16,0
1480582409,12/01/16,0
1480668809,12/02/16,0
1480755209,12/03/16,0
1480841609,12/04/16,0
1480928009,12/05/16,0
1481014409,12/06/16,0
1481100809,12/07/16,0
1481187209,12/08/16,0
1481273609,12/09/16,0
1481360009,12/10/16,0
1481446409,12/11/16,0
1481532809,12/12/16,0
1481619209,12/13/16,0
1481705609,12/14/16,0
1481792009,12/15/16,0
1481878409,12/16/16,0
1481964809,12/17/16,0
1482051209,12/18/16,0
1482137609,12/19/16,0
1482224009,12/20/16,0
1482310409,12/21/16,0
1482396809,12/22/16,0
1482483209,12/23/16,0
1482569609,12/24/16,0
1482656009,12/25/16,0
1482742409,12/26/16,0
1482828809,12/27/16,0
1482915209,12/28/16,0
1483001609,12/29/16,0
1483088009,12/30/16,0
1483174409,12/31/16,0
1483260809,01/01/17,0
1483347209,01/02/17,0
1483433609,01/03/17,0
1483520009,01/04/17,0
1483606409,01/05/17,0
1483692809,01/06/17,0
1483779209,01/07/17,0
1483865609,01/08/17,0
1483952009,01/09/17,0
1484038409,01/10/17,0
1484124809,01/11/17,0
1484211209,01/12/17,0
1484297609,01/13/17,0
1484384009,01/14/17,0
1484470409,01/15/17,0
1484556809,01/16/17,0
1484643209,01/17/17,0
1484729609,01/18/17,0
1484816009,01/19/17,0
1484902409,01/20/17,0
1484988809,01/21/17,0
1485075209,01/22/17,0
1485161609,01/23/17,0
1485248009,01/24/17,0
1485334409,01/25/17,0
1485420809,01/26/17,0
1485507209,01/27/17,0
1485593609,01/28/17,0
1485680009,01/29/17,0
1485766409,01/30/17,0
1485852809,01/31/17,0
1485939209,02/01/17,0
1486025609,02/02/17,0
1486112009,02/03/17,0
1486198409,02/04/17,0
1486284809,02/05/17,0
1486371209,02/06/17,0
1486457609,02/07/17,0
1486544009,02/08/17,0
1486630409,02/09/17,0
1486716809,02/10/17,0
1486803209,02/11/17,0
1486889609,02/12/17,0
1486976009,02/13/17,0
1487062409,02/14/17,0
1487148809,02/15/17,0
1487235209,02/16/17,0
1487321609,02/17/17,0
1487408009,02/18/17,0
1487494409,02/19/17,0
1487580809,02/20/17,0
1487667209,02/21/17,0
1487753609,02/22/17,0
1487840009,02/23/17,0
1487926409,02/24/17,0
1488012809,02/25/17,0
1488099209,02/26/17,0
1488185609,02/27/17,0
1488272009,02/28/17,0
1488358409,03/01/17,0
1488444809,03/02/17,0
1488531209,03/03/17,0
1488617609,03/04/17,0
1488704009,03/05/17,0
1488790409,03/06/17,0
1488876809,03/07/17,0
1488963209,03/08/17,0
1489049609,03/09/17,0
1489136009,03/10/17,0
1489222409,03/11/17,0
1489308809,03/12/17,0
1489395209,03/13/17,0
1489481609,03/14/17,0
1489568009,03/15/17,0
1489654409,03/16/17,0
1489740809,03/17/17,0
1489827209,03/18/17,0
1489913609,03/19/17,0
1490000009,03/20/17,0
1490086409,03/21/17,0
1490172809,03/22/17,0
1490259209,03/23/17,0
1490345609,03/24/17,0
1490432009,03/25/17,0
1490518409,03/26/17,0
1490604809,03/27/17,0
1490691209,03/28/17,0
1490777609,03/29/17,0
1490864009,03/30/17,0
1490950409,03/31/17,0
1491036809,04/01/17,0
1491123209,04/02/17,0
1491209609,04/03/17,0
1491296009,04/04/17,0
1491382409,04/05/17,0
1491468809,04/06/17,0
1491555209,04/07/17,0
1491641609,04/08/17,0
1491728009,04/09/17,0
1491814409,04/10/17,0
1491900809,04/11/17,0
1491987209,04/12/17,0
1492073609,04/13/17,0
1492160009,04/14/17,0
1492246409,04/15/17,0
1492332809,04/16/17,0
1492419209,04/17/17,0
1492505609,04/18/17,0
1492592009,04/19/17,0
1492678409,04/20/17,0
1492764809,04/21/17,0
1492851209,04/22/17,0
1492937609,04/23/17,0
1493024009,04/24/17,0
1493110409,04/25/17,0
1493196809,04/26/17,0
1493283209,04/27/17,0
1493369609,04/28/17,0
1493456009,04/29/17,0
1493542409,04/30/17,0
1493628809,05/01/17,0
1493715209,05/02/17,0
1493801609,05/03/17,0
1493888009,05/04/17,0
1493974409,05/05/17,0
1494060809,05/06/17,0
1494147209,05/07/17,0
1494233609,05/08/17,0
1494320009,05/09/17,0
1494406409,05/10/17,0
1494492809,05/11/17,0
1494579209,05/12/17,0
1494665609,05/13/17,0
1494752009,05/14/17,0
1494838409,05/15/17,0
1494924809,05/16/17,0
1495011209,05/17/17,0
1495097609,05/18/17,0
1495184009,05/19/17,0
1495270409,05/20/17,0
1495356809,05/21/17,0
1495443209,05/22/17,0
1495529609,05/23/17,0
1495616009,05/24/17,0
1495702409,05/25/17,0
1495788809,05/26/17,0
1495875209,05/27/17,0
1495961609,05/28/17,0
1496048009,05/29/17,0
1496134409,05/30/17,0
1496220809,05/31/17,0
1496307209,06/01/17,0
1496393609,06/02/17,0
1496480009,06/03/17,0
1496566409,06/04/17,0
1496652809,06/05/17,0
1496739209,06/06/17,0
1496825609,06/07/17,0
1496912009,06/08/17,0
1496998409,06/09/17,0
1497084809,06/10/17,0
1497171209,06/11/17,0
1497257609,06/12/17,0
1497344009,06/13/17,0
1497430409,06/14/17,0
1497516809,06/15/17,0
1497603209,06/16/17,0
1497689609,06/17/17,0
1497776009,06/18/17,0
1497862409,06/19/17,0
1497948809,06/20/17,0
1498035209,06/21/17,0
1498121609,06/22/17,0
1498208009,06/23/17,0
1498294409,06/24/17,0
1498380809,06/25/17,0
1498467209,06/26/17,0
1498553609,06/27/17,0
1498640009,06/28/17,0
1498726409,06/29/17,0
1498812809,06/30/17,0
1498899209,07/01/17,0
1498985609,07/02/17,0
1499072009,07/03/17,0
1499158409,07/04/17,0
1499244809,07/05/17,0
1499331209,07/06/17,0
1499417609,07/07/17,0
1499504009,07/08/17,0
1499590409,07/09/17,0
1499676809,07/10/17,0
1499763209,07/11/17,0
1499849609,07/12/17,0
1499936009,07/13/17,0
1500022409,07/14/17,0
1500108809,07/15/17,0
1500195209,07/16/17,0
1500281609,07/17/17,0
1500368009,07/18/17,0
1500454409,07/19/17,0
1500540809,07/20/17,0
1500627209,07/21/17,0
1500713609,07/22/17,0
1500800009,07/23/17,0
1500886409,07/24/17,0
1500972809,07/25/17,0
1501059209,07/26/17,0
1501145609,07/27/17,0
1501232009,07/28/17,0
1501318409,07/29/17,0
1501404809,07/30/17,0
1501491209,07/31/17,0
1501577609,08/01/17,0
1501664009,08/02/17,0.04442039
1501750409,08/03/17,0.07392022
1501836809,08/04/17,0.01327135
1501923209,08/05/17,0.01880939
1502009609,08/06/17,0.10178522
1502096009,08/07/17,0.1
1502182409,08/08/17,0.03113292
1502268809,08/09/17,0.05839605
1502355209,08/10/17,0.01786955
1502441609,08/11/17,0
1502528009,08/12/17,0.003662
1502614409,08/13/17,0.00207896
1502700809,08/14/17,0.0693883
1502787209,08/15/17,0.005358
1502873609,08/16/17,0
1502960009,08/17/17,0.00701503
1503046409,08/18/17,0.14782574
1503132809,08/19/17,0.006801
1503219209,08/20/17,0
1503305609,08/21/17,0.03766834
1503392009,08/22/17,0
1503478409,08/23/17,0.002821
1503564809,08/24/17,0.004781
1503651209,08/25/17,0
1503737609,08/26/17,0.00145928
1503824009,08/27/17,0.02106013
1503910409,08/28/17,0.00296069
1503996809,08/29/17,0
1504083209,08/30/17,8.74E-04
1504169609,08/31/17,0.00274504
1504256009,09/01/17,0.01057773
1504342409,09/02/17,1.60E-04
1504428809,09/03/17,0.00688617
1504515209,09/04/17,0.017536
1504601609,09/05/17,0
1504688009,09/06/17,0.01244007
1504774409,09/07/17,0
1504860809,09/08/17,0
1504947209,09/09/17,0.00184215
1505033609,09/10/17,0
1505120009,09/11/17,0
1505206409,09/12/17,0.00427678
1505292809,09/13/17,0
1505379209,09/14/17,0
1505465609,09/15/17,0.0061066
1505552009,09/16/17,0.002572
1505638409,09/17/17,0
1505724809,09/18/17,0.00172317
1505811209,09/19/17,1.00E-04
1505897609,09/20/17,0
1505984009,09/21/17,0.00163056
1506070409,09/22/17,0.01361923
1506156809,09/23/17,0
1506243209,09/24/17,0
1506329609,09/25/17,0.01606752
1506416009,09/26/17,0.00586927
1506502409,09/27/17,0.01367929
1506588809,09/28/17,0
1506675209,09/29/17,0.00196302
1506761609,09/30/17,0
1506848009,10/01/17,0
1506934409,10/02/17,0.01280272
1507020809,10/03/17,0.008282
1507107209,10/04/17,0.00119291
1507193609,10/05/17,0
1507280009,10/06/17,0.00186405
1507366409,10/07/17,0
1507452809,10/08/17,0.00161253
1507539209,10/09/17,0
1507625609,10/10/17,0.00187734
1507712009,10/11/17,0.03423568
1507798409,10/12/17,0.003939
1507884809,10/13/17,0
1507971209,10/14/17,0.00988469
1508057609,10/15/17,0.002617
1508144009,10/16/17,0.051446
1508230409,10/17/17,0.00184108
1508316809,10/18/17,0
1508403209,10/19/17,0
1508489609,10/20/17,0.0296689
1508576009,10/21/17,0.06687775
1508662409,10/22/17,0.0041368
1508748809,10/23/17,0.00155645
1508835209,10/24/17,1
1508921609,10/25/17,0.00543118
1509008009,10/26/17,0.00152345
1509094409,10/27/17,0
1509180809,10/28/17,0.007865
1509267209,10/29/17,0.00264
1509353609,10/30/17,0.01776497
1509440009,10/31/17,9.45E-04
1509526409,11/01/17,0.00215241
1509612809,11/02/17,0
1509699209,11/03/17,0.02959178
1509785609,11/04/17,0.07016714
1509872009,11/05/17,0.04042
1509958409,11/06/17,0.13568092
1510044809,11/07/17,0.0017251
1510131209,11/08/17,0.00281762
1510217609,11/09/17,0
1510304009,11/10/17,0
1510390409,11/11/17,0.00299149
1510476809,11/12/17,0.002039
1510563209,11/13/17,0
1510649609,11/14/17,0
1510736009,11/15/17,0.022258
1510822409,11/16/17,0.0122587
1510908809,11/17/17,6.27E-04
1510995209,11/18/17,0
1511081609,11/19/17,0.00755287
1511168009,11/20/17,0.00169714
1511254409,11/21/17,0.02192955
1511340809,11/22/17,0
1511427209,11/23/17,0
1511513609,11/24/17,0
1511600009,11/25/17,0.00409832
1511686409,11/26/17,0.003
1511772809,11/27/17,0.040805
1511859209,11/28/17,0
1511945609,11/29/17,0.00688329
1512032009,11/30/17,0.00234285
1512118409,12/01/17,0.01028
1512204809,12/02/17,0.04636665
1512291209,12/03/17,0.003917
1512377609,12/04/17,0.09116997
1512464009,12/05/17,0.00441641
1512550409,12/06/17,0
1512636809,12/07/17,0
1512723209,12/08/17,0.00119382
1512809609,12/09/17,9.54E-04
1512896009,12/10/17,0
1512982409,12/11/17,0.01
1513068809,12/12/17,0.004971
1513155209,12/13/17,0
1513241609,12/14/17,0.00225074
1513328009,12/15/17,0.00124604
1513414409,12/16/17,0.001304
1513500809,12/17/17,0
1513587209,12/18/17,0.06038227
1513673609,12/19/17,5.30E-04
1513760009,12/20/17,0.0026748
1513846409,12/21/17,0
1513932809,12/22/17,0.03635203
1514019209,12/23/17,0.001724
1514105609,12/24/17,0
1514192009,12/25/17,0.00156128
1514278409,12/26/17,0.00630042
1514364809,12/27/17,0.01239784
1514451209,12/28/17,0.00320378
1514537609,12/29/17,0
1514624009,12/30/17,0
1514710409,12/31/17,0.02
1514796809,01/01/18,0
1514883209,01/02/18,0.0015166
1514969609,01/03/18,0.137
1515056009,01/04/18,0
1515142409,01/05/18,0.00307405
1515228809,01/06/18,0
1515315209,01/07/18,0
1515401609,01/08/18,0.00123648
1515488009,01/09/18,0
1515574409,01/10/18,0
1515660809,01/11/18,0
1515747209,01/12/18,0
1515833609,01/13/18,0
1515920009,01/14/18,0
1516006409,01/15/18,0.00112516
1516092809,01/16/18,0
1516179209,01/17/18,0
1516265609,01/18/18,0.09918438
1516352009,01/19/18,0
1516438409,01/20/18,0.0206941
1516524809,01/21/18,0
1516611209,01/22/18,0.0027
1516697609,01/23/18,0.0295
1516784009,01/24/18,0
1516870409,01/25/18,0
1516956809,01/26/18,0
1517043209,01/27/18,0
1517129609,01/28/18,0
1517216009,01/29/18,0.00103203
1517302409,01/30/18,0
1517388809,01/31/18,0
1517475209,02/01/18,0
1517561609,02/02/18,0.109
1517648009,02/03/18,0.003
1517734409,02/04/18,0
1517820809,02/05/18,0
1517907209,02/06/18,0
1517993609,02/07/18,0
1518080009,02/08/18,0
1518166409,02/09/18,0.001
1518252809,02/10/18,0
1518339209,02/11/18,0
1518425609,02/12/18,0
1518512009,02/13/18,0
1518598409,02/14/18,0.01131196
1518684809,02/15/18,5.33E-04
1518771209,02/16/18,0.00511115
1518857609,02/17/18,0.001003
1518944009,02/18/18,0
1519030409,02/19/18,0
1519116809,02/20/18,0.001
1519203209,02/21/18,5.00E-04
1519289609,02/22/18,0
1519376009,02/23/18,0
1519462409,02/24/18,0.00268537
1519548809,02/25/18,0
1519635209,02/26/18,0
1519721609,02/27/18,0
1519808009,02/28/18,1.57E-04
1519894409,03/01/18,0
1519980809,03/02/18,0.03367031
1520067209,03/03/18,1.02424959
1520153609,03/04/18,0.17889298
1520240009,03/05/18,0.002
1520326409,03/06/18,0.00911294
1520412809,03/07/18,0.00139444
1520499209,03/08/18,0
1520585609,03/09/18,0
1520672009,03/10/18,0.00270797
1520758409,03/11/18,0
1520844809,03/12/18,0
1520931209,03/13/18,0.00139819
1521017609,03/14/18,0
1521104009,03/15/18,0.01450961
1521190409,03/16/18,0
1521276809,03/17/18,0
1521363209,03/18/18,0
1521449609,03/19/18,0
1521536009,03/20/18,1.89E-04
1521622409,03/21/18,0.0084
1521708809,03/22/18,0
1521795209,03/23/18,0
1521881609,03/24/18,0.00746992
1521968009,03/25/18,0
1522054409,03/26/18,0
1522140809,03/27/18,0
1522227209,03/28/18,0.02590901
1522313609,03/29/18,0
1522400009,03/30/18,0
1522486409,03/31/18,0
1522572809,04/01/18,0
1522659209,04/02/18,0
1522745609,04/03/18,0.003
1522832009,04/04/18,0
1522918409,04/05/18,0.1515
1523004809,04/06/18,0
1523091209,04/07/18,0.00228479
1523177609,04/08/18,0
1523264009,04/09/18,0.111284
1523350409,04/10/18,8.00E-04
1523436809,04/11/18,0
1523523209,04/12/18,0
1523609609,04/13/18,0
1523696009,04/14/18,0
1523782409,04/15/18,6.20E-04
1523868809,04/16/18,0
1523955209,04/17/18,0
1524041609,04/18/18,0
1524128009,04/19/18,0.002817
1524214409,04/20/18,0
1524300809,04/21/18,0.00477
1524387209,04/22/18,0
1524473609,04/23/18,0
1524560009,04/24/18,0
1524646409,04/25/18,0
1524732809,04/26/18,0
1524819209,04/27/18,0
1524905609,04/28/18,0
1524992009,04/29/18,0
1525078409,04/30/18,0.0209887
1525164809,05/01/18,0
1525251209,05/02/18,0.05
1525337609,05/03/18,0.003
1525424009,05/04/18,0.109
1525510409,05/05/18,0
1525596809,05/06/18,0.00303211
1525683209,05/07/18,0
1525769609,05/08/18,0
1525856009,05/09/18,0.00146659
1525942409,05/10/18,0.00302538
1526028809,05/11/18,0.00112
1526115209,05/12/18,0.01178621
1526201609,05/13/18,0
1526288009,05/14/18,0.02
1526374409,05/15/18,0
1526460809,05/16/18,6.30E-04
1526547209,05/17/18,0
1526633609,05/18/18,0
1526720009,05/19/18,0
1526806409,05/20/18,0
1526892809,05/21/18,0
1526979209,05/22/18,0
1527065609,05/23/18,0
1527152009,05/24/18,0
1527238409,05/25/18,6.68E-04
1527324809,05/26/18,0
1527411209,05/27/18,0
1527497609,05/28/18,0
1527584009,05/29/18,0.00687
1527670409,05/30/18,0.0025
1527756809,05/31/18,0.00209418
1527843209,06/01/18,0
1527929609,06/02/18,0.00113858
1528016009,06/03/18,0
1528102409,06/04/18,0
1528188809,06/05/18,0
1528275209,06/06/18,0
1528361609,06/07/18,0
1528448009,06/08/18,0.0031165
1528534409,06/09/18,0
1528620809,06/10/18,0
1528707209,06/11/18,0
1528793609,06/12/18,0
1528880009,06/13/18,0.0148
1528966409,06/14/18,0
1529052809,06/15/18,0
1529139209,06/16/18,0
1529225609,06/17/18,0
1529312009,06/18/18,0
1529398409,06/19/18,0
1529484809,06/20/18,0
1529571209,06/21/18,0
1529657609,06/22/18,0
1529744009,06/23/18,0
1529830409,06/24/18,0
1529916809,06/25/18,0
1530003209,06/26/18,0
1530089609,06/27/18,0
1530176009,06/28/18,0
1530262409,06/29/18,0
1530348809,06/30/18,0.0052045
1530435209,07/01/18,0
1530521609,07/02/18,0
1530608009,07/03/18,0
1530694409,07/04/18,0
1530780809,07/05/18,0
1530867209,07/06/18,0.004
1530953609,07/07/18,0.01883126
1531040009,07/08/18,0
1531126409,07/09/18,0.001
1531212809,07/10/18,6.00E-04
1531299209,07/11/18,0
1531385609,07/12/18,0.01295896
1531472009,07/13/18,9.60E-04
1531558409,07/14/18,0
1531644809,07/15/18,0
1531731209,07/16/18,0
1531817609,07/17/18,0
1531904009,07/18/18,0.0042
1531990409,07/19/18,0
1532076809,07/20/18,0
1532163209,07/21/18,0.0134
1532249609,07/22/18,0.007
1532336009,07/23/18,0.00861974
1532422409,07/24/18,0.001
1532508809,07/25/18,0.005
1532595209,07/26/18,8.70E-04
1532681609,07/27/18,0.01
1532768009,07/28/18,0
1532854409,07/29/18,0
1532940809,07/30/18,0
1533027209,07/31/18,0
1533113609,08/01/18,0
1533200009,08/02/18,0
1533286409,08/03/18,0
1533372809,08/04/18,0.00584631
1533459209,08/05/18,0.45214309
1533545609,08/06/18,0.15407472
1533632009,08/07/18,0.20367281
1533718409,08/08/18,0.0252655
1533804809,08/09/18,0.01938311
1533891209,08/10/18,0.00775985
1533977609,08/11/18,0.01630975
1534064009,08/12/18,0.0040966
1534150409,08/13/18,0.0011555
1534236809,08/14/18,0
1534323209,08/15/18,1.24E-04
1534409609,08/16/18,2.92017648
1534496009,08/17/18,0.11666342
1534582409,08/18/18,0.14487564
1534668809,08/19/18,0
1534755209,08/20/18,0
1534841609,08/21/18,0.00609404
1534928009,08/22/18,0
1535014409,08/23/18,0
1535100809,08/24/18,0
1535187209,08/25/18,0.77074525
1535273609,08/26/18,0.12
1535360009,08/27/18,0
1535446409,08/28/18,0.0011
1535532809,08/29/18,0
1535619209,08/30/18,0
1535705609,08/31/18,0
1535792009,09/01/18,0
1535878409,09/02/18,0
1535964809,09/03/18,0
1536051209,09/04/18,0
1536137609,09/05/18,0
1536224009,09/06/18,0
1536310409,09/07/18,0
1536396809,09/08/18,0
1536483209,09/09/18,0
1536569609,09/10/18,0.0016
1536656009,09/11/18,0
1536742409,09/12/18,0
1536828809,09/13/18,0
1536915209,09/14/18,0
1537001609,09/15/18,0
1537088009,09/16/18,0
1537174409,09/17/18,0
1537260809,09/18/18,0
1537347209,09/19/18,0.01315039
1537433609,09/20/18,0.0167758
1537520009,09/21/18,0.00766372
1537606409,09/22/18,0
1537692809,09/23/18,0
1537779209,09/24/18,0.00375
1537865609,09/25/18,0.03727356
1537952009,09/26/18,0
1538038409,09/27/18,0.00231
1538124809,09/28/18,0
1538211209,09/29/18,0
1538297609,09/30/18,7.59E-04
1538384009,10/01/18,0
1538470409,10/02/18,0
1538556809,10/03/18,0
1538643209,10/04/18,0.004
1538729609,10/05/18,0
1538816009,10/06/18,0.00292263
1538902409,10/07/18,0
1538988809,10/08/18,0
1539075209,10/09/18,0.00135433
1539161609,10/10/18,0
1539248009,10/11/18,0.01
1539334409,10/12/18,0
1539420809,10/13/18,0
1539507209,10/14/18,0
1539593609,10/15/18,0
1539680009,10/16/18,0
1539766409,10/17/18,0
1539852809,10/18/18,0
1539939209,10/19/18,0
1540025609,10/20/18,0
1540112009,10/21/18,0
1540198409,10/22/18,0.01436376
1540284809,10/23/18,0
1540371209,10/24/18,0
1540457609,10/25/18,0
1540544009,10/26/18,0
1540630409,10/27/18,0
1540716809,10/28/18,0
1540803209,10/29/18,0.00312
1540889609,10/30/18,0
1540976009,10/31/18,0
1541062409,11/01/18,0
1541148809,11/02/18,0.004
1541235209,11/03/18,0.00157
1541321609,11/04/18,0
1541408009,11/05/18,0.00280704
1541494409,11/06/18,0
1541580809,11/07/18,0
1541667209,11/08/18,0
1541753609,11/09/18,0.00311737
1541840009,11/10/18,0
1541926409,11/11/18,0
1542012809,11/12/18,0.00209869
1542099209,11/13/18,0
1542185609,11/14/18,0
1542272009,11/15/18,0
1542358409,11/16/18,0
1542444809,11/17/18,0.0091953
1542531209,11/18/18,0
1542617609,11/19/18,0
1542704009,11/20/18,0
1542790409,11/21/18,0
1542876809,11/22/18,0
1542963209,11/23/18,0
1543049609,11/24/18,0.00457793
1543136009,11/25/18,0.00242036
1543222409,11/26/18,0
1543308809,11/27/18,0
1543395209,11/28/18,0
1543481609,11/29/18,0
1543568009,11/30/18,5.00E-04
1543654409,12/01/18,0
1543740809,12/02/18,0
1543827209,12/03/18,0.02395263
1543913609,12/04/18,0
1544000009,12/05/18,0
1544086409,12/06/18,0
1544172809,12/07/18,0
1544259209,12/08/18,0
1544345609,12/09/18,0.005
1544432009,12/10/18,0
1544518409,12/11/18,0
1544604809,12/12/18,0
1544691209,12/13/18,0.02977077
1544777609,12/14/18,0
1544864009,12/15/18,0
1544950409,12/16/18,0.00219745
1545036809,12/17/18,0.03649645
1545123209,12/18/18,0.03272027
1545209609,12/19/18,0
1545296009,12/20/18,0
1545382409,12/21/18,0
1545468809,12/22/18,0
1545555209,12/23/18,0.026
1545641609,12/24/18,0
1545728009,12/25/18,0
1545814409,12/26/18,0
1545900809,12/27/18,3.00E-04
1545987209,12/28/18,0.00301087
1546073609,12/29/18,0
1546160009,12/30/18,0
1546246409,12/31/18,0.00194784
1546332809,01/01/19,0.03015752
1546419209,01/02/19,0.01602974
1546505609,01/03/19,0.00675541
1546592009,01/04/19,0.00331
1546678409,01/05/19,0.0282468
1546764809,01/06/19,0.01866
1546851209,01/07/19,0
1546937609,01/08/19,0
1547024009,01/09/19,1.02E-04
1547110409,01/10/19,0
1547196809,01/11/19,0.02470746
1547283209,01/12/19,0.00244334
1547369609,01/13/19,0
1547456009,01/14/19,0.010601
1547542409,01/15/19,0
1547628809,01/16/19,0.003
1547715209,01/17/19,0
1547801609,01/18/19,0
1547888009,01/19/19,0
1547974409,01/20/19,0.00406453
1548060809,01/21/19,0.00809706
1548147209,01/22/19,0
1548233609,01/23/19,0
1548320009,01/24/19,0
1548406409,01/25/19,0
1548492809,01/26/19,0
1548579209,01/27/19,0.005251
1548665609,01/28/19,0.002136
1548752009,01/29/19,0
1548838409,01/30/19,0
1548924809,01/31/19,0
1549011209,02/01/19,0
1549097609,02/02/19,0
1549184009,02/03/19,0.001093
1549270409,02/04/19,0.00385798
1549356809,02/05/19,0.00454936
1549443209,02/06/19,0
1549529609,02/07/19,0.001
1549616009,02/08/19,0
1549702409,02/09/19,0.00613965
1549788809,02/10/19,0.006
1549875209,02/11/19,0
1549961609,02/12/19,0
1550048009,02/13/19,0.02788607
1550134409,02/14/19,0
1550220809,02/15/19,0
1550307209,02/16/19,0
1550393609,02/17/19,0
1550480009,02/18/19,0
1550566409,02/19/19,0
1550652809,02/20/19,0
1550739209,02/21/19,0
1550825609,02/22/19,0.001488
1550912009,02/23/19,0
1550998409,02/24/19,0
1551084809,02/25/19,0
