time,USD
1230940800,0.0
1231113600,0.0
1231286400,0.0
1231459200,0.0
1231632000,0.0
1231804800,0.0
1231977600,0.0
1232150400,0.0
1232323200,0.0
1232496000,0.0
1232668800,0.0
1232841600,0.0
1233014400,0.0
1233187200,0.0
1233360000,0.0
1233532800,0.0
1233705600,0.0
1233878400,0.0
1234051200,0.0
1234224000,0.0
1234396800,0.0
1234569600,0.0
1234742400,0.0
1234915200,0.0
1235088000,0.0
1235260800,0.0
1235433600,0.0
1235606400,0.0
1235779200,0.0
1235952000,0.0
1236124800,0.0
1236297600,0.0
1236470400,0.0
1236643200,0.0
1236816000,0.0
1236988800,0.0
1237161600,0.0
1237334400,0.0
1237507200,0.0
1237680000,0.0
1237852800,0.0
1238025600,0.0
1238198400,0.0
1238371200,0.0
1238544000,0.0
1238716800,0.0
1238889600,0.0
1239062400,0.0
1239235200,0.0
1239408000,0.0
1239580800,0.0
1239753600,0.0
1239926400,0.0
1240099200,0.0
1240272000,0.0
1240444800,0.0
1240617600,0.0
1240790400,0.0
1240963200,0.0
1241136000,0.0
1241308800,0.0
1241481600,0.0
1241654400,0.0
1241827200,0.0
1242000000,0.0
1242172800,0.0
1242345600,0.0
1242518400,0.0
1242691200,0.0
1242864000,0.0
1243036800,0.0
1243209600,0.0
1243382400,0.0
1243555200,0.0
1243728000,0.0
1243900800,0.0
1244073600,0.0
1244246400,0.0
1244419200,0.0
1244592000,0.0
1244764800,0.0
1244937600,0.0
1245110400,0.0
1245283200,0.0
1245456000,0.0
1245628800,0.0
1245801600,0.0
1245974400,0.0
1246147200,0.0
1246320000,0.0
1246492800,0.0
1246665600,0.0
1246838400,0.0
1247011200,0.0
1247184000,0.0
1247356800,0.0
1247529600,0.0
1247702400,0.0
1247875200,0.0
1248048000,0.0
1248220800,0.0
1248393600,0.0
1248566400,0.0
1248739200,0.0
1248912000,0.0
1249084800,0.0
1249257600,0.0
1249430400,0.0
1249603200,0.0
1249776000,0.0
1249948800,0.0
1250121600,0.0
1250294400,0.0
1250467200,0.0
1250640000,0.0
1250812800,0.0
1250985600,0.0
1251158400,0.0
1251331200,0.0
1251504000,0.0
1251676800,0.0
1251849600,0.0
1252022400,0.0
1252195200,0.0
1252368000,0.0
1252540800,0.0
1252713600,0.0
1252886400,0.0
1253059200,0.0
1253232000,0.0
1253404800,0.0
1253577600,0.0
1253750400,0.0
1253923200,0.0
1254096000,0.0
1254268800,0.0
1254441600,0.0
1254614400,0.0
1254787200,0.0
1254960000,0.0
1255132800,0.0
1255305600,0.0
1255478400,0.0
1255651200,0.0
1255824000,0.0
1255996800,0.0
1256169600,0.0
1256342400,0.0
1256515200,0.0
1256688000,0.0
1256860800,0.0
1257033600,0.0
1257206400,0.0
1257379200,0.0
1257552000,0.0
1257724800,0.0
1257897600,0.0
1258070400,0.0
1258243200,0.0
1258416000,0.0
1258588800,0.0
1258761600,0.0
1258934400,0.0
1259107200,0.0
1259280000,0.0
1259452800,0.0
1259625600,0.0
1259798400,0.0
1259971200,0.0
1260144000,0.0
1260316800,0.0
1260489600,0.0
1260662400,0.0
1260835200,0.0
1261008000,0.0
1261180800,0.0
1261353600,0.0
1261526400,0.0
1261699200,0.0
1261872000,0.0
1262044800,0.0
1262217600,0.0
1262390400,0.0
1262563200,0.0
1262736000,0.0
1262908800,0.0
1263081600,0.0
1263254400,0.0
1263427200,0.0
1263600000,0.0
1263772800,0.0
1263945600,0.0
1264118400,0.0
1264291200,0.0
1264464000,0.0
1264636800,0.0
1264809600,0.0
1264982400,0.0
1265155200,0.0
1265328000,0.0
1265500800,0.0
1265673600,0.0
1265846400,0.0
1266019200,0.0
1266192000,0.0
1266364800,0.0
1266537600,0.0
1266710400,0.0
1266883200,0.0
1267056000,0.0
1267228800,0.0
1267401600,0.0
1267574400,0.0
1267747200,0.0
1267920000,0.0
1268092800,0.0
1268265600,0.0
1268438400,0.0
1268611200,0.0
1268784000,0.0
1268956800,0.0
1269129600,0.0
1269302400,0.0
1269475200,0.0
1269648000,0.0
1269820800,0.0
1269993600,0.0
1270166400,0.0
1270339200,0.0
1270512000,0.0
1270684800,0.0
1270857600,0.0
1271030400,0.0
1271203200,0.0
1271376000,0.0
1271548800,0.0
1271721600,0.0
1271894400,0.0
1272067200,0.0
1272240000,0.0
1272412800,0.0
1272585600,0.0
1272758400,0.0
1272931200,0.0
1273104000,0.0
1273276800,0.0
1273449600,0.0
1273622400,0.0
1273795200,0.0
1273968000,0.0
1274140800,0.0
1274313600,0.0
1274486400,0.0
1274659200,0.0
1274832000,0.0
1275004800,0.0
1275177600,0.0
1275350400,0.0
1275523200,0.0
1275696000,0.0
1275868800,0.0
1276041600,0.0
1276214400,0.0
1276387200,0.0
1276560000,0.0
1276732800,0.0
1276905600,0.0
1277078400,0.0
1277251200,0.0
1277424000,0.0
1277596800,0.0
1277769600,0.0
1277942400,0.0
1278115200,0.0
1278288000,0.0
1278460800,0.0
1278633600,0.0
1278806400,0.0
1278979200,0.0
1279152000,0.0
1279324800,0.0
1279497600,0.0
1279670400,0.0
1279843200,0.0
1280016000,0.0
1280188800,0.0
1280361600,0.0
1280534400,0.0
1280707200,0.0
1280880000,0.0
1281052800,0.0
1281225600,0.0
1281398400,0.0
1281571200,0.0
1281744000,0.0
1281916800,0.0
1282089600,0.074
1282262400,0.0667
1282435200,0.0664
1282608000,0.066889
1282780800,0.066499
1282953600,0.065
1283126400,0.069
1283299200,0.0649
1283472000,0.0634
1283644800,0.0629
1283817600,0.06185
1283990400,0.0624
1284163200,0.062
1284336000,0.06201
1284508800,0.175
1284681600,0.0609
1284854400,0.062599
1285027200,0.0633
1285200000,0.063
1285372800,0.0624
1285545600,0.062206
1285718400,0.06219
1285891200,0.061999
1286064000,0.0614
1286236800,0.06301
1286409600,0.0638
1286582400,0.12001
1286755200,0.1301
1286928000,0.095
1287100800,0.119
1287273600,0.1045
1287446400,0.1024
1287619200,0.109
1287792000,0.10901
1287964800,0.15
1288137600,0.19
1288310400,0.191
1288483200,0.199
1288656000,0.1955
1288828800,0.23601
1289001600,0.29
1289174400,0.37
1289347200,0.2667
1289520000,0.251
1289692800,0.299
1289865600,0.2827
1290038400,0.289999
1290211200,0.289
1290384000,0.282
1290556800,0.28299
1290729600,0.289
1290902400,0.28461
1291075200,0.275
1291248000,0.25
1291420800,0.2589
1291593600,0.225
1291766400,0.2477
1291939200,0.204
1292112000,0.228
1292284800,0.23
1292457600,0.2459
1292630400,0.249
1292803200,0.275
1292976000,0.267
1293148800,0.25
1293321600,0.269999
1293494400,0.28
1293667200,0.299999
1293840000,0.299998
1294012800,0.299998
1294185600,0.298998
1294358400,0.322
1294531200,0.322998
1294704000,0.329
1294876800,0.405
1295049600,0.4
1295222400,0.4
1295395200,0.3401
1295568000,0.44
1295740800,0.4443
1295913600,0.425
1296086400,0.4174
1296259200,0.446
1296432000,0.5
1296604800,0.840099
1296777600,0.88
1296950400,0.92
1297123200,0.9
1297296000,1.1
1297468800,1.0899
1297641600,1.08
1297814400,1.05019
1297987200,1.05019
1298160000,0.954896
1298332800,0.869499
1298505600,0.9499
1298678400,0.988567
1298851200,0.949231
1299024000,0.9498
1299196800,0.9392
1299369600,0.910445
1299542400,0.9072
1299715200,0.87
1299888000,0.9197
1300060800,0.9
1300233600,0.89
1300406400,0.850617
1300579200,0.79
1300752000,0.799646
1300924800,0.9
1301097600,0.905
1301270400,0.8575
1301443200,0.795
1301616000,0.79997
1301788800,0.7998
1301961600,0.71
1302134400,0.7677
1302307200,0.7676
1302480000,0.781
1302652800,1.0
1302825600,1.08999
1302998400,1.085
1303171200,1.19
1303344000,1.1979
1303516800,1.549
1303689600,1.701
1303862400,1.95
1304035200,2.7
1304208000,4.09
1304380800,3.49
1304553600,3.5
1304726400,3.7
1304899200,3.937
1305072000,6.065
1305244800,8.45
1305417600,8.55
1305590400,8.38901
1305763200,7.34
1305936000,6.6036
1306108800,7.45
1306281600,7.51
1306454400,8.92
1306627200,8.4992
1306800000,9.4998
1306972800,10.57
1307145600,17.41
1307318400,19.23
1307491200,31.9099
1307664000,35.0
1307836800,24.99
1308009600,20.99
1308182400,19.96
1308355200,17.2
1308528000,17.35
1308700800,15.05
1308873600,16.7501
1309046400,17.51001
1309219200,17.52
1309392000,17.5
1309564800,16.49
1309737600,15.85
1309910400,16.5
1310083200,15.64276
1310256000,15.68
1310428800,14.63988
1310601600,14.1
1310774400,14.1
1310947200,13.6901
1311120000,14.04
1311292800,13.9389
1311465600,13.979999
1311638400,14.4
1311811200,14.0
1311984000,13.8
1312156800,13.5501
1312329600,13.1
1312502400,11.55
1312675200,9.8
1312848000,12.1
1313020800,10.4959
1313193600,10.05
1313366400,11.89
1313539200,11.3
1313712000,11.81
1313884800,11.59
1314057600,11.49
1314230400,10.96554
1314403200,9.11
1314576000,9.4811
1314748800,9.0
1314921600,8.4989
1315094400,8.5939999988
1315267200,7.65713
1315440000,7.31509
1315612800,6.208920000199999
1315785600,7.081
1315958400,5.990000000899999
1316131200,5.23
1316304000,5.0
1316476800,6.795
1316649600,5.83001
1316822400,5.66
1316995200,5.46014
1317168000,4.989
1317340800,5.35
1317513600,5.16
1317686400,5.03
1317859200,4.93
1318032000,4.594
1318204800,4.25937
1318377600,4.20612
1318550400,4.11455
1318723200,3.9009000002
1318896000,2.9
1319068800,2.42
1319241600,3.3
1319414400,3.2
1319587200,2.876
1319760000,3.255
1319932800,3.65026
1320105600,3.35
1320278400,3.299
1320451200,3.21
1320624000,3.0289
1320796800,3.114
1320969600,3.0
1321142400,3.099
1321315200,2.69
1321488000,2.60031
1321660800,2.3
1321833600,2.29
1322006400,2.38
1322179200,2.56
1322352000,2.4965
1322524800,2.981
1322697600,3.14
1322870400,3.12999
1323043200,2.93
1323216000,3.082
1323388800,3.039
1323561600,3.38
1323734400,3.3
1323907200,3.1933
1324080000,3.23
1324252800,3.70036
1324425600,4.11
1324598400,3.95
1324771200,4.3897
1324944000,4.06
1325116800,4.33
1325289600,4.995
1325462400,5.4999
1325635200,5.6063
1325808000,7.22
1325980800,7.2
1326153600,6.89
1326326400,6.997
1326499200,6.75
1326672000,7.18888
1326844800,6.95
1327017600,6.58
1327190400,6.39
1327363200,6.515
1327536000,6.2
1327708800,5.74815
1327881600,5.6
1328054400,5.638
1328227200,6.148
1328400000,5.9625
1328572800,5.70999
1328745600,5.8
1328918400,6.0
1329091200,5.72
1329264000,4.88
1329436800,4.76998
1329609600,4.33333
1329782400,4.4354
1329955200,4.92481
1330128000,5.07
1330300800,5.1
1330473600,4.9
1330646400,4.98888
1330819200,4.9
1330992000,5.05
1331164800,5.0
1331337600,4.94
1331510400,4.95915
1331683200,5.4444
1331856000,5.4
1332028800,5.37998
1332201600,4.98
1332374400,4.88
1332547200,4.74896
1332720000,4.73793
1332892800,4.84592
1333065600,4.83
1333238400,4.929
1333411200,5.01
1333584000,4.94486
1333756800,4.98
1333929600,4.8
1334102400,4.8941
1334275200,4.94464
1334448000,4.98389
1334620800,5.02207
1334793600,5.19
1334966400,5.48
1335139200,5.21799
1335312000,5.16
1335484800,5.1372
1335657600,5.0184
1335830400,5.0
1336003200,5.184
1336176000,5.1495
1336348800,5.0947
1336521600,5.09609
1336694400,5.03188
1336867200,4.99888
1337040000,5.09
1337212800,5.1345
1337385600,5.14291
1337558400,5.1475
1337731200,5.16
1337904000,5.15
1338076800,5.148
1338249600,5.15889
1338422400,5.19
1338595200,5.279
1338768000,5.2785
1338940800,5.47
1339113600,5.66
1339286400,5.62
1339459200,5.7
1339632000,5.95
1339804800,6.599
1339977600,6.4668
1340150400,6.64999
1340323200,6.79962
1340496000,6.5915
1340668800,6.4514
1340841600,6.66897
1341014400,6.693
1341187200,6.75
1341360000,6.55
1341532800,6.73449
1341705600,6.87
1341878400,7.239
1342051200,7.32
1342224000,7.68891
1342396800,8.2899
1342569600,9.39899
1342742400,9.23355
1342915200,9.0
1343088000,8.96
1343260800,8.9
1343433600,8.93
1343606400,9.15
1343779200,9.54
1343952000,11.1188
1344124800,11.1869
1344297600,11.04
1344470400,12.0
1344643200,11.59788
1344816000,11.86999
1344988800,12.67
1345161600,15.4
1345334400,12.0
1345507200,10.29999
1345680000,10.25
1345852800,10.25
1346025600,12.14999
1346198400,11.20999
1346371200,10.8359
1346544000,10.18999
1346716800,10.5934
1346889600,11.17
1347062400,11.21
1347235200,11.127
1347408000,11.3789
1347580800,11.75
1347753600,11.99
1347926400,12.09
1348099200,12.68666
1348272000,12.4433
1348444800,12.29888
1348617600,12.28
1348790400,12.444
1348963200,12.47499
1349136000,12.88
1349308800,13.0899
1349481600,12.89999
1349654400,12.08
1349827200,12.15
1350000000,12.15
1350172800,12.0
1350345600,11.99
1350518400,11.95998
1350691200,11.85
1350864000,11.81
1351036800,11.82
1351209600,11.09988
1351382400,10.61
1351555200,10.85
1351728000,11.279
1351900800,10.60097
1352073600,10.9
1352246400,11.21603
1352419200,11.07
1352592000,10.939
1352764800,11.129
1352937600,11.114
1353110400,11.8
1353283200,11.79998
1353456000,11.784
1353628800,12.43
1353801600,12.6
1353974400,12.52999
1354147200,12.599
1354320000,12.68778
1354492800,12.67901
1354665600,13.5
1354838400,13.68
1355011200,13.53
1355184000,13.63999
1355356800,13.79989
1355529600,13.7722
1355702400,13.498
1355875200,13.399
1356048000,13.6475
1356220800,13.48547
1356393600,13.45
1356566400,13.47
1356739200,13.67
1356912000,13.59
1357084800,13.4
1357257600,13.48986
1357430400,13.52999
1357603200,13.83
1357776000,14.32
1357948800,14.34999
1358121600,14.3
1358294400,14.689
1358467200,15.985
1358640000,15.89
1358812800,17.59
1358985600,19.18999
1359158400,17.61926
1359331200,18.45
1359504000,19.7
1359676800,21.3
1359849600,20.68
1360022400,20.79
1360195200,22.15
1360368000,23.69997
1360540800,24.1955
1360713600,26.09999
1360886400,26.99898
1361059200,25.6083
1361232000,28.78999
1361404800,29.80012
1361577600,29.27998
1361750400,30.25001
1361923200,31.40181
1362096000,34.87799
1362268800,34.10007
1362441600,40.04
1362614400,42.49271
1362787200,46.01112
1362960000,47.7397
1363132800,46.79999
1363305600,47.25005
1363478400,47.4419
1363651200,57.76
1363824000,73.8
1363996800,63.0
1364169600,73.88798
1364342400,88.9
1364515200,89.05
1364688000,92.50001
1364860800,108.73
1365033600,131.99899
1365206400,142.49765
1365379200,184.0
1365552000,198.0
1365724800,76.488
1365897600,91.0
1366070400,91.0
1366243200,96.5
1366416000,123.86
1366588800,123.515
1366761600,153.20019
1366934400,135.601
1367107200,135.98999
1367280000,139.109
1367452800,105.00003
1367625600,111.98979
1367798400,120.94999
1367971200,113.95001
1368144000,117.68
1368316800,114.32
1368489600,119.0
1368662400,115.09024
1368835200,123.74995
1369008000,122.65001
1369180800,122.64
1369353600,131.5
1369526400,134.04701
1369699200,128.321
1369872000,130.99589
1370044800,129.19945
1370217600,120.00002
1370390400,122.4051
1370563200,110.29501
1370736000,98.47045
1370908800,108.0
1371081600,109.0
1371254400,101.96998
1371427200,100.52521
1371600000,107.835
1371772800,111.0
1371945600,107.68389
1372118400,103.86665
1372291200,102.79001
1372464000,95.85301
1372636800,90.998
1372809600,82.8
1372982400,67.85844
1373155200,70.942
1373328000,76.32791
1373500800,87.15
1373673600,95.995
1373846400,98.37516
1374019200,97.97
1374192000,93.41082
1374364800,88.93999
1374537600,95.396
1374710400,96.2
1374883200,95.20461
1375056000,101.04202
1375228800,104.95555
1375401600,105.5
1375574400,104.67459
1375747200,106.88378
1375920000,101.9
1376092800,102.61802
1376265600,104.99498
1376438400,100.03
1376611200,98.51
1376784000,99.02
1376956800,104.59
1377129600,111.01
1377302400,108.79
1377475200,111.8
1377648000,119.25
1377820800,124.79
1377993600,130.82
1378166400,130.45
1378339200,124.51
1378512000,120.15
1378684800,121.66
1378857600,124.1
1379030400,128.29
1379203200,125.46
1379376000,127.56
1379548800,124.1
1379721600,123.5
1379894400,123.02
1380067200,124.18
1380240000,125.6
1380412800,128.1
1380585600,127.11
1380758400,116.95
1380931200,121.51
1381104000,123.6
1381276800,126.08
1381449600,126.84
1381622400,129.74
1381795200,139.24
1381968000,143.33
1382140800,165.05
1382313600,177.07
1382486400,199.95
1382659200,172.81
1382832000,189.06
1383004800,202.09
1383177600,201.61
1383350400,204.15
1383523200,225.1
1383696000,258.23
1383868800,325.56
1384041600,296.91
1384214400,353.95
1384387200,416.5
1384560000,433.53
1384732800,583.16
1384905600,595.0
1385078400,761.0
1385251200,833.16
1385424000,844.9
1385596800,1009.0
1385769600,1119.96
1385942400,992.27
1386115200,1151.0
1386288000,894.0
1386460800,722.99
1386633600,936.98
1386806400,845.75
1386979200,864.7
1387152000,709.0
1387324800,576.16
1387497600,660.0
1387670400,637.0
1387843200,647.27
1388016000,734.42
1388188800,701.61
1388361600,739.1
1388534400,746.9
1388707200,806.21
1388880000,896.0
1389052800,867.38
1389225600,809.17
1389398400,891.85
1389571200,807.83
1389744000,847.7
1389916800,793.0
1390089600,833.0
1390262400,822.56
1390435200,813.02
1390608000,806.0
1390780800,777.0
1390953600,803.6
1391126400,802.5
1391299200,819.57
1391472000,809.05
1391644800,778.0
1391817600,707.0
1391990400,665.0
1392163200,667.01
1392336000,672.1
1392508800,623.5
1392681600,626.77
1392854400,582.7
1393027200,603.98
1393200000,545.0
1393372800,585.38
1393545600,577.97
1393718400,559.88
1393891200,677.61
1394064000,657.02
1394236800,609.0
1394409600,621.99
1394582400,642.1
1394755200,636.47
1394928000,634.94
1395100800,627.0
1395273600,590.0
1395446400,557.0
1395619200,572.0
1395792000,585.7
1395964800,503.0
1396137600,449.02
1396310400,479.51
1396483200,446.31
1396656000,451.84
1396828800,447.74
1397001600,443.1
1397174400,427.99
1397347200,405.0
1397520000,489.91
1397692800,495.0
1397865600,499.9
1398038400,496.5
1398211200,487.3
1398384000,459.15
1398556800,440.1
1398729600,447.7
1398902400,460.01
1399075200,434.5
1399248000,427.83
1399420800,446.65
1399593600,452.02
1399766400,435.0
1399939200,438.95
1400112000,448.99
1400284800,449.08
1400457600,446.42
1400630400,494.87
1400803200,527.47
1400976000,575.0
1401148800,581.87
1401321600,568.0
1401494400,620.45
1401667200,631.49
1401840000,644.66
1402012800,655.75
1402185600,652.0
1402358400,649.89
1402531200,617.0
1402704000,557.92
1402876800,595.0
1403049600,604.6
1403222400,593.33
1403395200,596.08
1403568000,585.54
1403740800,569.0
1403913600,597.08
1404086400,620.0
1404259200,654.0
1404432000,635.49
1404604800,634.49
1404777600,623.7
1404950400,619.78
1405123200,631.98
1405296000,622.8
1405468800,619.48
1405641600,629.86
1405814400,623.77
1405987200,621.03
1406160000,601.18
1406332800,595.88
1406505600,586.96
1406678400,573.48
1406851200,601.94
1407024000,589.79
1407196800,580.21
1407369600,587.24
1407542400,588.61
1407715200,578.97
1407888000,550.14
1408060800,498.16
1408233600,491.88
1408406400,487.5
1408579200,525.78
1408752000,503.88
1408924800,503.79
1409097600,514.84
1409270400,511.99
1409443200,477.98
1409616000,483.65
1409788800,486.0
1409961600,481.09
1410134400,476.61
1410307200,485.03
1410480000,470.43
1410652800,475.49
1410825600,468.0
1410998400,428.19
1411171200,415.56
1411344000,400.98
1411516800,431.91
1411689600,405.14
1411862400,380.0
1412035200,382.67
1412208000,375.85
1412380800,336.0
1412553600,331.2
1412726400,346.26
1412899200,358.97
1413072000,364.83
1413244800,411.89
1413417600,378.02
1413590400,389.68
1413763200,384.95
1413936000,385.1
1414108800,358.46
1414281600,355.43
1414454400,354.94
1414627200,337.0
1414800000,327.39
1414972800,325.81
1415145600,341.99
1415318400,342.26
1415491200,356.34
1415664000,365.04
1415836800,406.56
1416009600,373.14
1416182400,378.48
1416355200,374.77
1416528000,356.9
1416700800,362.99
1416873600,381.03
1417046400,372.62
1417219200,377.22
1417392000,381.72
1417564800,378.25
1417737600,373.98
1417910400,375.73
1418083200,350.29
1418256000,356.1
1418428800,350.31
1418601600,352.15
1418774400,318.2
1418947200,317.63
1419120000,326.93
1419292800,336.96
1419465600,319.31
1419638400,314.45
1419811200,314.49
1419984000,317.4
1420156800,316.15
1420329600,270.93
1420502400,276.8
1420675200,276.8
1420848000,278.0
1421020800,270.0
1421193600,176.5
1421366400,205.35
1421539200,211.18
1421712000,212.99
1421884800,233.9
1422057600,244.64
1422230400,271.47
1422403200,249.25
1422576000,230.11
1422748800,220.72
1422921600,236.51
1423094400,217.37
1423267200,225.16
1423440000,220.39
1423612800,221.99
1423785600,239.94
1423958400,243.99
1424131200,244.0
1424304000,241.59
1424476800,245.66
1424649600,237.09
1424822400,238.59
1424995200,254.0
1425168000,247.56
1425340800,275.8
1425513600,265.63
1425686400,275.83
1425859200,287.48
1426032000,293.29
1426204800,289.51
1426377600,283.57
1426550400,287.02
1426723200,260.62
1426896000,257.83
1427068800,266.07
1427241600,245.68
1427414400,248.63
1427587200,244.05
1427760000,242.92
1427932800,252.44
1428105600,253.77
1428278400,254.7
1428451200,245.89
1428624000,235.71
1428796800,236.76
1428969600,216.0
1429142400,229.62
1429315200,222.32
1429488000,224.63
1429660800,237.34
1429833600,230.93
1430006400,218.42
1430179200,222.66
1430352000,235.13
1430524800,234.13
1430697600,236.17
1430870400,235.79
1431043200,244.72
1431216000,239.35
1431388800,241.51
1431561600,238.32
1431734400,236.63
1431907200,236.45
1432080000,234.6
1432252800,240.5
1432425600,240.46
1432598400,235.94
1432771200,236.48
1432944000,231.12
1433116800,222.4
1433289600,226.29
1433462400,224.15
1433635200,222.6
1433808000,230.1
1433980800,229.0
1434153600,230.22
1434326400,236.46
1434499200,249.96
1434672000,246.45
1434844800,242.47
1435017600,243.92
1435190400,241.92
1435363200,248.5
1435536000,253.8
1435708800,257.85
1435881600,255.1
1436054400,270.92
1436227200,267.26
1436400000,270.68
1436572800,293.5
1436745600,289.9
1436918400,290.95
1437091200,277.99
1437264000,276.09
1437436800,278.97
1437609600,276.64
1437782400,287.12
1437955200,290.79
1438128000,290.7
1438300800,284.78
1438473600,280.69
1438646400,285.0
1438819200,277.1
1438992000,269.89
1439164800,264.07
1439337600,267.89
1439510400,266.99
1439683200,257.47
1439856000,253.91
1440028800,233.23
1440201600,226.04
1440374400,213.24
1440547200,228.84
1440720000,234.17
1440892800,226.47
1441065600,228.32
1441238400,227.42
1441411200,234.67
1441584000,241.31
1441756800,240.08
1441929600,239.93
1442102400,229.86
1442275200,230.0
1442448000,234.0
1442620800,230.71
1442793600,226.56
1442966400,229.95
1443139200,235.79
1443312000,232.85
1443484800,237.68
1443657600,238.98
1443830400,239.17
1444003200,239.22
1444176000,245.25
1444348800,244.78
1444521600,248.08
1444694400,249.58
1444867200,254.73
1445040000,269.07
1445212800,264.16
1445385600,269.1
1445558400,277.43
1445731200,295.01
1445904000,294.73
1446076800,310.36
1446249600,310.92
1446422400,340.69
1446595200,437.05
1446768000,388.38
1446940800,381.51
1447113600,353.58
1447286400,331.6
1447459200,331.9
1447632000,329.32
1447804800,334.46
1447977600,320.62
1448150400,322.33
1448323200,321.1
1448496000,348.0
1448668800,353.88
1448841600,372.53
1449014400,360.98
1449187200,360.88
1449360000,390.04
1449532800,394.99
1449705600,415.64
1449878400,426.06
1450051200,445.6
1450224000,454.43
1450396800,458.95
1450569600,434.98
1450742400,435.98
1450915200,453.95
1451088000,417.99
1451260800,423.98
1451433600,428.0
1451606400,432.33
1451779200,428.13
1451952000,431.9
1452124800,453.71
1452297600,450.15
1452470400,447.11
1452643200,429.57
1452816000,391.62
1452988800,385.45
1453161600,378.66
1453334400,408.0
1453507200,388.5
1453680000,387.09
1453852800,394.45
1454025600,377.26
1454198400,376.86
1454371200,373.48
1454544000,385.06
1454716800,373.04
1454889600,375.8
1455062400,378.98
1455235200,381.46
1455408000,402.38
1455580800,406.69
1455753600,418.97
1455926400,439.48
1456099200,438.5
1456272000,423.1
1456444800,424.34
1456617600,433.47
1456790400,431.87
1456963200,421.44
1457136000,401.0
1457308800,411.94
1457481600,413.1
1457654400,421.22
1457827200,412.44
1458000000,414.78
1458172800,418.64
1458345600,405.59
1458518400,410.49
1458691200,417.8
1458864000,416.44
1459036800,426.8
1459209600,414.0
1459382400,416.94
1459555200,418.07
1459728000,418.99
1459900800,421.09
1460073600,422.2
1460246400,421.63
1460419200,425.89
1460592000,423.76
1460764800,429.43
1460937600,427.28
1461110400,442.34
1461283200,447.25
1461456000,459.4
1461628800,467.98
1461801600,450.0
1461974400,447.17
1462147200,443.9
1462320000,447.37
1462492800,460.91
1462665600,457.82
1462838400,450.0
1463011200,454.7
1463184000,455.65
1463356800,454.88
1463529600,452.9
1463702400,441.25
1463875200,438.0
1464048000,445.34
1464220800,452.49
1464393600,522.43
1464566400,525.15
1464739200,539.47
1464912000,568.0
1465084800,574.02
1465257600,577.54
1465430400,575.2941375
1465603200,594.4399875
1465776000,702.0665
1465948800,692.289625
1466121600,743.9164
1466294400,760.8168
1466467200,665.9586125
1466640000,624.542
1466812800,664.9068875
1466985600,646.7030125
1467158400,637.959625
1467331200,675.1863375
1467504000,658.4175
1467676800,666.4855875
1467849600,636.3588625
1468022400,651.8649125
1468195200,647.9837
1468368000,657.4524875
1468540800,664.57145
1468713600,675.45905
1468886400,672.8432
1469059200,664.882075
1469232000,655.8469125
1469404800,654.6954499999999
1469577600,654.9810375
1469750400,656.8876124999999
1469923200,628.015375
1470096000,515.0618999999999
1470268800,577.3157714285715
1470441600,588.2312714285714
1470614400,592.6975
1470787200,592.1899
1470960000,587.7556
1471132800,570.9764142857142
1471305600,581.1185875
1471478400,576.0360875
1471651200,583.2078625
1471824000,588.9727625
1471996800,582.8479875
1472169600,581.07245
1472342400,576.534
1472515200,578.616575
1472688000,572.818375
1472860800,600.8860875
1473033600,608.10975
1473206400,614.4637625
1473379200,625.0708999999999
1473552000,608.15855
1473724800,610.928125
1473897600,610.386125
1474070400,608.006875
1474243200,610.1965
1474416000,598.884875
1474588800,604.2225
1474761600,601.7472375
1474934400,605.9622125
1475107200,606.36375
1475280000,614.8238
1475452800,611.8511
1475625600,612.3522875
1475798400,617.21035
1475971200,615.65675
1476144000,639.30995
1476316800,635.9650875
1476489600,637.9498571428572
1476662400,638.1833875
1476835200,629.253675
1477008000,631.9242125
1477180800,653.0028625
1477353600,655.3199500000001
1477526400,682.2239625
1477699200,714.89545
1477872000,702.0015125
1478044800,733.336125
1478217600,703.6940875
1478390400,712.00325
1478563200,708.974875
1478736000,713.690125
1478908800,703.718
1479081600,706.467875
1479254400,736.9143750000001
1479427200,747.5217625
1479600000,729.066625
1479772800,748.749375
1479945600,737.450375
1480118400,733.673
1480291200,733.0521249999999
1480464000,742.6967625
1480636800,772.43725
1480809600,764.81625
1480982400,756.6215
1481155200,769.72975
1481328000,773.40125
1481500800,777.006875
1481673600,774.897
1481846400,781.5683750000001
1482019200,788.40575
1482192000,793.0901375
1482364800,860.599875
1482537600,891.6126125
1482710400,897.335375
1482883200,967.480375
1483056000,952.156375
1483228800,997.729875
1483401600,1023.141875
1483574400,994.674875
1483747200,896.830375
1483920000,894.18025
1484092800,785.2237375
1484265600,826.2956625
1484438400,822.2076
1484611200,903.84575
1484784000,895.798875
1484956800,920.4479
1485129600,922.0736125
1485302400,893.045625
1485475200,919.27975
1485648000,915.933
1485820800,964.706075
1485993600,1007.6137125
1486166400,1030.9994125
1486339200,1024.01375
1486512000,1052.3766125
1486684800,999.1034999999999
1486857600,1000.604625
1487030400,1011.78025
1487203200,1035.2081249999999
1487376000,1056.6371374999999
1487548800,1084.7550125
1487721600,1123.2231875
1487894400,1174.86625
1488067200,1175.0497500000001
1488240000,1187.5652857142857
1488412800,1259.4108166666667
1488585600,1267.0272
1488758400,1275.197375
1488931200,1157.3933
1489104000,1098.6171285714286
1489276800,1227.494625
1489449600,1245.3707857142856
1489622400,1180.945657142857
1489795200,952.2323625
1489968000,1049.0844875
1490140800,1028.7268625
1490313600,941.9197142857143
1490486400,956.7863125
1490659200,1046.127625
1490832000,1037.90455
1491004800,1086.9295714285713
1491177600,1141.813
1491350400,1133.0793142857142
1491523200,1190.45425
1491696000,1208.8005
1491868800,1226.6170375
1492041600,1180.0237125
1492214400,1184.8806714285713
1492387200,1205.634875
1492560000,1217.9300875
1492732800,1258.3614125
1492905600,1257.9881125
1493078400,1279.4146875000001
1493251200,1345.3539125
1493424000,1334.9790375
1493596800,1417.1728125
1493769600,1507.5768571428573
1493942400,1533.3350714285714
1494115200,1535.8684285714285
1494288000,1721.2849714285715
1494460800,1820.9905625
1494633600,1771.9200125
1494806400,1723.1269375
1494979200,1807.4850625
1495152000,1961.5204875
1495324800,2046.5344625
1495497600,2287.7102875
1495670400,2387.2062857142855
1495843200,2014.0529625
1496016000,2275.9307
1496188800,2285.9339142857143
1496361600,2446.142414285714
1496534400,2516.173142857143
1496707200,2883.3136966371426
1496880000,2792.9991875
1497052800,2845.3728571428574
1497225600,2657.6750625
1497398400,2447.0415625
1497571200,2464.9598142857144
1497744000,2507.389252144286
1497916800,2754.97825
1498089600,2727.2880125
1498262400,2589.1648875
1498435200,2436.4510571428573
1498608000,2585.349185714286
1498780800,2477.641375
1498953600,2501.191342857143
1499126400,2599.7298375
1499299200,2609.96775
1499472000,2562.1306624999997
1499644800,2366.1701428571428
1499817600,2385.7485714285717
1499990400,2190.947833333333
1500163200,1931.2143
1500336000,2320.12225
1500508800,2898.1884166666664
1500681600,2807.609857142857
1500854400,2751.821028571429
1501027200,2495.028585714286
1501200000,2781.636583333333
1501372800,2745.955416666666
1501545600,2710.4130666666665
1501718400,2794.117716666666
1501891200,3218.1150166666666
1502064000,3407.2268333333336
1502236800,3357.326316666667
1502409600,3632.5066666666667
1502582400,4125.54802
1502755200,4217.028328571429
1502928000,4328.725716666667
1503100800,4222.662214285714
1503273600,4043.722
1503446400,4174.95
1503619200,4363.05445
1503792000,4354.308333333333
1503964800,4607.98545
1504137600,4748.255
1504310400,4580.387479999999
1504483200,4344.0983166666665
1504656000,4641.822016666666
1504828800,4310.750183333334
1505001600,4329.955
1505174400,4219.036616666667
1505347200,3319.6299999999997
1505520000,3763.62604
1505692800,4093.316666666667
1505865600,3977.5616666666665
1506038400,3637.5025499999997
1506211200,3703.0406500000004
1506384000,3910.3073833333333
1506556800,4201.98905
1506729600,4335.368316666667
1506902400,4386.88375
1507075200,4225.175
1507248000,4345.6033333333335
1507420800,4602.280883333334
1507593600,4782.28
1507766400,5325.130683333333
1507939200,5739.438733333333
1508112000,5711.205866666667
1508284800,5546.176100000001
1508457600,5979.45984
1508630400,5983.184550000001
1508803200,5505.827766666666
1508976000,5893.138416666666
1509148800,5776.6969500000005
1509321600,6105.87422
1509494400,6665.306683333333
1509667200,7197.72006
1509840000,7377.012366666667
1510012800,7092.127233333333
1510185600,7158.03706
1510358400,6362.851033333333
1510531200,6550.227533333334
1510704000,7301.42992
1510876800,7786.884366666666
1511049600,8007.654066666667
1511222400,8059.8
1511395200,8148.95
1511568000,8707.407266666667
1511740800,9718.29505
1511913600,9879.328333333333
1512086400,10883.912
1512259200,11332.622
1512432000,11878.433333333334
1512604800,16501.971666666668
1512777600,15142.834152123332
1512950400,16762.116666666665
1513123200,16808.366666666665
1513296000,17771.899999999998
1513468800,19289.785
1513641600,17737.111666666668
1513814400,16047.51
1513987200,15360.261666666667
1514160000,14119.028333333334
1514332800,15589.321666666665
1514505600,14640.14
1514678400,14165.574999999999
1514851200,15005.856666666667
1515024000,15199.355000000001
1515196800,17319.198
1515369600,15265.906666666668
1515542400,15126.398333333333
1515715200,13912.882000000001
1515888000,13852.92
1516060800,11180.998333333331
1516233600,11345.423333333332
1516406400,12950.793333333333
1516579200,10544.593333333332
1516752000,11282.258333333333
1516924800,10969.815
1517097600,11765.71
1517270400,10184.061666666666
1517443200,9083.258333333333
1517616000,9076.678333333333
1517788800,6838.816666666667
1517961600,8099.958333333333
1518134400,8535.516666666668
1518307200,8343.455
1518480000,8597.7675
1518652800,9977.154
1518825600,10841.991666666667
1518998400,11110.964999999998
1519171200,10532.791666666666
1519344000,10162.116666666667
1519516800,9696.593333333332
1519689600,10763.883333333333
1519862400,11009.381666666668
1520035200,11326.948333333334
1520208000,11595.54
1520380800,10118.058
1520553600,9089.278333333334
1520726400,9761.396666666666
1520899200,9154.699999999999
1521072000,8358.121666666666
1521244800,7993.674643641666
1521417600,8412.033333333333
1521590400,8947.753333333334
1521763200,8686.826666666666
1521936000,8617.296666666667
1522108800,7876.195
1522281600,7172.28
1522454400,6935.48
1522627200,7035.848333333332
1522800000,6787.761666666666
1522972800,6603.876666666667
1523145600,7017.656666666667
1523318400,6787.571666666667
1523491200,7847.845
1523664000,8036.511051408333
1523836800,8043.803333333333
1524009600,8164.937425765001
1524182400,8852.718333333332
1524355200,8838.548333333334
1524528000,9555.542
1524700800,9258.398333333333
1524873600,9326.173333333334
1525046400,9259.57
1525219200,9221.426
1525392000,9710.730000000001
1525564800,9630.136276683334
1525737600,9228.608333333334
1525910400,9101.483333333334
1526083200,8484.346666666666
1526256000,8652.038333333332
1526428800,8340.703333333333
1526601600,8240.055
1526774400,8507.406666666668
1526947200,8015.580000000001
1527120000,7566.193333333334
1527292800,7342.908333333333
1527465600,7130.541666666667
1527638400,7385.395
1527811200,7535.1466666666665
1527984000,7699.886
1528156800,7615.722142096667
1528329600,7676.2716666666665
1528502400,7564.408333333333
1528675200,6875.678333333333
1528848000,6315.7
1529020800,6434.088000000001
1529193600,6464.411666666667
1529366400,6737.0
1529539200,6733.901666666668
1529712000,6141.605833333334
1529884800,6211.447499999999
1530057600,6105.295000000001
1530230400,5908.702499999999
1530403200,6374.754166666667
1530576000,6613.685833333333
1530748800,6603.376666666667
1530921600,6594.281666666667
1531094400,6723.8725
1531267200,6377.363333333334
1531440000,6244.357499999999
1531612800,6316.881666666667
1531785600,6869.910833333332
1531958400,7396.401666666666
1532131200,7352.495384615385
1532304000,7689.884166666667
1532476800,8251.164999999999
1532649600,8025.2575
1532822400,8206.341666666667
1532995200,7916.800833333334
1533168000,7593.149166666667
1533340800,7247.769166666666
1533513600,6988.079166666666
1533686400,6450.366923076922
1533859200,6396.4946666666665
1534032000,6311.131666666667
1534204800,6050.942500000001
1534377600,6342.629230769231
1534550400,6436.720833333334
1534723200,6434.559166666667
1534896000,6575.229166666667
1535068800,6543.645714285715
1535241600,6673.274166666666
1535414400,7000.040000000002
1535587200,6932.662499999999
1535760000,7100.946666666667
1535932800,7260.949230769231
1536105600,7113.069230769231
1536278400,6444.804166666668
1536451200,6286.425833333334
1536624000,6296.320833333334
1536796800,6450.179230769231
1536969600,6518.655000000002
1537142400,6400.600833333334
1537315200,6335.826666666665
1537488000,6669.990833333333
1537660800,6710.445000000001
1537833600,6412.459166666667
1538006400,6535.4766666666665
1538179200,6550.474166666667
1538352000,6590.968333333334
1538524800,6470.402500000001
1538697600,6568.549166666667
1538870400,6558.537499999999
1539043200,6621.711666666667
1539216000,6248.635833333334
1539388800,6260.645833333335
1539561600,6452.571666666667
1539734400,6596.276153846155
1539907200,6487.444166666667
1540080000,6531.6016666666665
1540252800,6481.425999999999
1540425600,6478.0825
1540598400,6465.9175000000005
1540771200,6382.668333333332
1540944000,6310.284166666667
1541116800,6387.674166666667
1541289600,6391.873333333333
1541462400,6445.354166666667
1541635200,6486.251666666667
1541808000,6399.033333333333
1541980800,6401.936666666667
1542153600,6176.155
1542326400,5596.1925
1542499200,5606.044166666667
1542672000,4671.97
1542844800,4548.7975
1543017600,4293.840833333333
1543190400,3920.5366666666664
1543363200,4103.453846153846
1543536000,4106.871666666667
1543708800,4167.546666666666
1543881600,3961.493333333334
1544054400,3742.943333333334
1544227200,3435.34
1544400000,3523.9600000000005
1544572800,3462.0399999999995
1544745600,3278.3741666666665
1544918400,3271.238333333333
1545091200,3567.47
1545264000,3982.850833333334
1545436800,3910.973333333333
1545609600,4178.590833333333
1545782400,3825.3791666666675
1545955200,3743.905
1546128000,3832.9216666666666
1546300800,3752.271666666667
1546473600,3865.7975
1546646400,3868.4875000000006
1546819200,4036.093333333333
1546992000,4034.138333333333
1547164800,3656.7358333333327
1547337600,3599.841666666667
1547510400,3656.7850000000003
1547683200,3619.9641666666666
1547856000,3690.523333333333
1548028800,3548.4275
1548201600,3579.896666666666
1548374400,3572.735
1548547200,3567.763333333334
1548720000,3417.1675
1548892800,3454.008823529412
1549065600,3470.0791666666664
1549238400,3452.3283333333334
1549411200,3406.8208333333337
1549584000,3498.868333333334
1549756800,3645.2766666666666
1549929600,3624.155833333334
1550102400,3609.869166666667
1550275200,3630.396666666666
1550448000,3810.7815384615387
1550620800,3951.565
1550793600,3968.6566666666663
1550966400,4020.1258333333335
